id_cliente,nome,cidade,país
1,Ana Sophia Peixoto,da Cruz Verde,Birmânia
2,Emanuelly Silva,Azevedo de da Mota,Ucrânia
3,Lucas Costa,Fernandes,Guiné Equatorial
4,Isis Silveira,Almeida da Mata,Arábia Saudita
5,Luiz Gustavo Cunha,Viana,Dhekelia
6,Vitor Moura,Farias das Pedras,Honduras
7,Maria Vitória Souza,Freitas de Goiás,Santa Lúcia
8,Pietra Ferreira,Sales do Norte,Togo
9,Emanuelly Moura,Melo,Navassa Island
10,Kaique Cunha,da Rosa da Mata,Dinamarca
11,Levi Costa,Freitas,República Dominicana
12,Marcela da Mata,Lima do Oeste,Geórgia
13,Lucas Gabriel Correia,Monteiro Verde,Armênia
14,Maria Cecília da Mata,Cardoso,Burquina Faso
15,Pedro Miguel Araújo,Pereira de Gonçalves,Emirados Árabes Unidos
16,Dra. Eloah Azevedo,Porto,Burundi
17,Paulo da Cunha,Alves,Turquia
18,Lara da Rocha,Vieira,Domínica
19,Isadora Gonçalves,Costa,Jibuti
20,Sr. Rafael Fogaça,Ramos da Prata,Cazaquistão
21,Miguel Azevedo,Jesus de Goiás,Nigéria
22,Sr. Davi Lucas da Costa,Vieira dos Dourados,Samoa Americana
23,Lara Azevedo,Ramos do Norte,Território Britânico do Oceano Índico
24,Luiz Fernando da Cunha,Moreira do Oeste,Gronelândia
25,Ana Nunes,Campos,Dinamarca
26,Sr. João Lucas Jesus,Duarte,São Pedro e Miquelon
27,Laura Silva,Castro,Nova Caledónia
28,Rodrigo Dias,Porto da Praia,Itália
29,Lívia Freitas,Duarte de Lopes,Omã
30,Sra. Gabriela Alves,Carvalho da Mata,Indonésia
31,Enrico Caldeira,Cavalcanti das Flores,Svalbard e Jan Mayen
32,Dra. Júlia Cavalcanti,Souza,Ilhas dos Cocos
33,Paulo Almeida,Moreira,Guernsey
34,Rodrigo Caldeira,da Luz,Luxemburgo
35,Dr. Leonardo Almeida,Vieira,China
36,Srta. Daniela Pinto,Nascimento,Geórgia
37,Nathan Farias,Novaes Alegre,Antígua e Barbuda
38,Dra. Nina Souza,Oliveira,Estônia
39,Bárbara Freitas,da Mota da Serra,São Tomé e Príncipe
40,Sr. Lorenzo Ferreira,Pereira de Pinto,Malásia
41,Yago da Costa,Novaes,Vietnam
42,Yago Dias,Alves,Mali
43,Rodrigo Pires,Martins de das Neves,Japão
44,Carlos Eduardo da Mata,Mendes do Galho,Lituânia
45,Yuri Sales,Araújo do Galho,Timor Leste
46,Isabel Lopes,Aragão,Armênia
47,Enzo Gabriel Aragão,Fernandes,Bahamas
48,Alexandre Teixeira,das Neves,Coreia do Norte
49,Nathan Campos,Ferreira de Freitas,Timor Leste
50,Lucca Campos,Ramos,Eslováquia
51,Dra. Bruna Costa,da Rocha dos Dourados,Macau
52,Luigi Alves,Araújo Alegre,República Dominicana
53,Clarice Freitas,Pires,Eslováquia
54,Raul Nascimento,Pires de Pinto,Micronésia
55,Srta. Juliana Costa,Nunes,Timor Leste
56,Laís Caldeira,Pinto do Galho,Cuba
57,Theo Fogaça,Correia do Sul,Paquistão
58,Bianca Alves,Oliveira de da Mota,Espanha
59,Rodrigo Cunha,das Neves,Coreia do Norte
60,Amanda Campos,da Cruz dos Dourados,Fiji
61,Lorenzo Farias,Araújo,Emirados Árabes Unidos
62,Elisa Cardoso,Gonçalves do Norte,Emirados Árabes Unidos
63,Dr. Gustavo Henrique Farias,da Conceição,Territórios Austrais Franceses
64,Davi Luiz Vieira,Almeida,Eslovênia
65,Mariana Costela,Nascimento do Amparo,Tajiquistão
66,Maria Cecília da Paz,Costa,Costa Rica
67,Ana Julia Cunha,Barbosa,Geórgia
68,Maria Fernanda Duarte,Costela de Moraes,Albânia
69,Dr. Thiago Almeida,da Costa,Grécia
70,Ana Clara Gomes,Pires da Mata,Samoa
71,Vinicius Barbosa,Moura,Gronelândia
72,Bryan Costela,Lima,Cuba
73,Emanuelly Moreira,Silva,Granada
74,Luana Silveira,Silveira,Equador
75,Enrico Cavalcanti,Pinto de Nogueira,Dinamarca
76,Manuela Vieira,Novaes do Amparo,Guatemala
77,Igor Gomes,Peixoto,São Pedro e Miquelon
78,Esther Costa,Oliveira Paulista,Niue
79,Isabelly Moura,Monteiro,Libéria
80,Leandro Barros,Alves,Tokelau
81,Bernardo Cardoso,Moraes,Ilhas Virgens Britânicas
82,João Pedro Mendes,Costa,Montenegro
83,Sr. Lorenzo das Neves,Peixoto,Território Britânico do Oceano Índico
84,Clara Lopes,Cardoso de Goiás,Gana
85,Sarah Sales,Silva,Hong Kong
86,Davi Lucas Lopes,Barros Paulista,Tanzânia
87,Miguel Souza,Pereira,Samoa
88,Daniela Barbosa,Dias,Jan Mayen
89,Ana Luiza Rocha,Ribeiro da Mata,Domínica
90,Danilo Teixeira,Barbosa Grande,São Pedro e Miquelon
91,Manuela Ribeiro,Ramos,Gibraltar
92,Isaac Costela,Duarte do Sul,Ilhas Marshall
93,Catarina Moreira,Araújo,Uruguai
94,Samuel Porto,Carvalho,Argélia
95,Lara Rocha,Nunes,Ilhas Caiman
96,Ana Sophia Cardoso,Caldeira,Ilha Bouvet
97,Isabelly da Luz,Castro,Guatemala
98,Manuela Oliveira,Correia Paulista,Turquemenistão
99,Yuri Nogueira,Pereira Verde,Albânia
100,Luiz Felipe da Conceição,da Conceição,Grécia
101,Beatriz Ferreira,Costa da Prata,Eritreia
102,Rodrigo da Conceição,Alves,Azerbaijão
103,Davi Lucas Barbosa,Martins das Flores,Suazilândia
104,Marina Lima,Almeida,Indonésia
105,Melissa Rocha,Duarte do Norte,Fiji
106,Kaique Cardoso,Rocha,Polinésia Francesa
107,Davi Costela,Barros de Minas,Catar
108,Calebe Nogueira,Vieira do Sul,Domínica
109,Gustavo Henrique da Mata,Monteiro de Goiás,Bélgica
110,Alexandre Almeida,Rezende de Goiás,Rússia
111,Luana Silveira,Moura de Cunha,República Checa
112,Gabrielly Monteiro,Freitas,Ilhas Marshall
113,Kamilly da Mata,Rezende,Porto Rico
114,Sofia Souza,Duarte,Madagáscar
115,Davi Luiz da Paz,Peixoto da Mata,Ilhas Cook
116,Lucas Gabriel Mendes,da Rocha do Galho,Gronelândia
117,Emilly Pinto,Alves,Vietnam
118,Breno da Cruz,Gonçalves de da Conceição,Áustria
119,Kamilly das Neves,Peixoto,Ilha do Natal
120,Elisa das Neves,Fogaça das Flores,Haiti
121,Mariane Campos,Cardoso,Ilhas Turcas e Caicos
122,Sr. Leonardo Ferreira,da Cunha do Campo,Geórgia do Sul e Sandwich do Sul
123,Theo Barbosa,Correia da Praia,Portugal
124,Theo Silva,Cavalcanti de Minas,Barein
125,Raul Sales,da Mata da Serra,Hong Kong
126,Sra. Daniela Gomes,Nogueira,Papua-Nova Guiné
127,Giovanna Ramos,Almeida,Camboja
128,Sra. Valentina Carvalho,Souza Grande,Panamá
129,Maria Cecília Costela,Rodrigues de Minas,Coral Sea Islands
130,Pedro Henrique Castro,Lopes,Pitcairn
131,Lucas Teixeira,Gonçalves,Birmânia
132,Luiz Gustavo Mendes,Porto do Galho,Nauru
133,Sr. Diego Costela,Sales de Nascimento,Sudão
134,Luiz Fernando da Conceição,Jesus,Comores
135,Sra. Ana Rodrigues,Castro,Afeganistão
136,Alexia da Rosa,Sales,Sara Ocidental
137,Brenda da Luz,Peixoto,Coreia do Sul
138,Enzo Gabriel Novaes,Mendes,Senegal
139,Marcelo Silveira,Santos dos Dourados,Ilhas Heard e McDonald
140,Luiz Otávio Silva,Rezende,Sri Lanka
141,Sophia da Cunha,Viana,Etiópia
142,Lavínia Silveira,Viana,Mali
143,Rodrigo Cardoso,da Rosa,Ashmore and Cartier Islands
144,Antônio da Paz,Almeida,Domínica
145,Igor Dias,Fogaça,Paracel Islands
146,Mirella Porto,Cunha,Domínica
147,Dra. Heloísa Lima,Duarte,Papua-Nova Guiné
148,João Felipe Moura,Gomes,Suíça
149,Mirella Teixeira,da Mata de Minas,Congo-Brazzaville
150,Pedro Freitas,Oliveira do Oeste,São Cristóvão e Neves
151,Amanda Martins,Azevedo de Duarte,Tanzânia
152,Luiz Miguel Fernandes,Oliveira de Martins,França
153,Arthur da Costa,Cavalcanti,Território Britânico do Oceano Índico
154,Daniela Rodrigues,Alves de Pereira,Uganda
155,Srta. Lavínia da Rosa,Ribeiro,Macau
156,Mirella Moura,Monteiro,Comores
157,Esther Caldeira,Moraes da Mata,Roménia
158,Dr. Leonardo Lopes,Peixoto,Austrália
159,Maria Sophia Correia,Porto de Minas,Akrotiri
160,Yuri Cardoso,Silveira do Galho,Ilhas Salomão
161,Sra. Valentina Aragão,Sales,Armênia
162,Vitor Gabriel Novaes,Fogaça de Minas,Polinésia Francesa
163,Fernando Rezende,Vieira Paulista,República Centro-Africana
164,Maria Vitória Melo,Duarte,Antártica
165,Lívia Mendes,Viana de Azevedo,Irlanda
166,Ana Cunha,Teixeira,Nauru
167,Sra. Isadora Moreira,Costa,Sudão
168,Isadora da Rosa,da Cunha,Wake Island
169,Helena Ferreira,Moraes,Andorra
170,Clara Mendes,da Mata,Antilhas Holandesas
171,Luiza da Cunha,Campos,Namíbia
172,Srta. Isadora da Rocha,Vieira do Oeste,Turquemenistão
173,Samuel Rezende,Pinto,Benim
174,Benjamin Mendes,das Neves de das Neves,Etiópia
175,Luiz Felipe Farias,Vieira da Mata,Malávi
176,André Nogueira,Pereira da Prata,Antilhas Holandesas
177,Emanuelly Cardoso,Moura de Alves,Alemanha
178,Maitê Almeida,Cunha,Lituânia
179,Arthur Cavalcanti,Carvalho Grande,Turquia
180,Carolina Farias,Moreira da Mata,Ilhas Cook
181,Bryan Nogueira,da Mota,Sri Lanka
182,Thales Cunha,Almeida,Brunei
183,Calebe da Costa,Moura,Ilha Norfolk
184,Srta. Ana Julia Freitas,Mendes,Taiwan
185,Maitê Moreira,Mendes de Goiás,Antártica
186,Sr. Levi Peixoto,Nascimento dos Dourados,Namíbia
187,Marina da Costa,Aragão,República Checa
188,Dra. Giovanna Correia,Moraes da Praia,Chade
189,Ana Laura Costela,Cardoso,Namíbia
190,Srta. Ana Clara Pires,Pereira,Guiné Equatorial
191,Luiz Fernando Caldeira,Sales,Iêmen
192,Dr. Benjamin Duarte,Teixeira de das Neves,Islândia
193,Luna da Mata,da Costa de Goiás,Egito
194,Ian Fogaça,Cavalcanti da Praia,Coreia do Sul
195,Bianca Castro,Silva,Estônia
196,Kaique da Luz,Rocha,Aruba
197,André Barros,Duarte,Suíça
198,Gustavo Azevedo,Barbosa,Malávi
199,Maria Julia das Neves,Monteiro do Galho,Botsuana
200,Luigi da Luz,Dias do Galho,Costa do Marfim
201,Melissa Cavalcanti,Santos de Nunes,Suíça
202,Bryan Pires,Souza de Lopes,Botsuana
203,Lívia Viana,Monteiro,Ucrânia
204,Diogo Alves,Jesus,Itália
205,Daniel Aragão,Ramos,Congo-Brazzaville
206,Ian Almeida,Melo das Flores,Territórios Austrais Franceses
207,Ana Pereira,Oliveira de Nascimento,Geórgia
208,Bruna Freitas,Silva,São Pedro e Miquelon
209,Bryan da Mota,Melo do Galho,Senegal
210,Marcelo da Mata,da Luz,Libéria
211,Otávio Gonçalves,Oliveira,Usbequistão
212,Enrico Araújo,Farias de Moraes,Austrália
213,Stella Teixeira,Aragão da Praia,Japão
214,Breno Duarte,Freitas de da Paz,Senegal
215,Srta. Clara Moraes,Dias,Eslováquia
216,Gabriela Vieira,Gonçalves do Norte,Catar
217,Diogo Pires,Freitas,Santa Lúcia
218,Vitor Pereira,Almeida da Serra,Costa Rica
219,Alexia Barbosa,Silveira do Campo,Wake Island
220,Alexia Porto,Cavalcanti,Tokelau
221,Dr. Arthur Moreira,Silveira,Niue
222,Enrico Oliveira,Pereira,Niue
223,Vitor Vieira,Pires de Azevedo,Ilhas Cook
224,Davi Lucca da Cruz,Teixeira da Prata,Polinésia Francesa
225,Ana Carolina Barbosa,Barros do Campo,Senegal
226,Pedro Lucas Caldeira,Pereira Verde,Navassa Island
227,Pedro Miguel Moura,Duarte do Sul,Guatemala
228,João Miguel Cunha,Jesus de da Cruz,Dhekelia
229,Maria Cardoso,Fogaça do Amparo,Nigéria
230,Dra. Luana Ribeiro,Barros do Sul,Nova Zelândia
231,Lívia da Cruz,da Paz de da Costa,Faroé
232,Julia da Mata,Moreira,Antártica
233,Bruno da Luz,Rodrigues Verde,Azerbaijão
234,Srta. Evelyn Ribeiro,Farias,Argentina
235,Maria Eduarda Barbosa,Melo,São Cristóvão e Neves
236,Lara Porto,Nunes da Serra,Lesoto
237,Sarah Cardoso,Nogueira do Galho,Malávi
238,Pedro Henrique Pinto,da Cruz Alegre,Paquistão
239,Ana Lívia Correia,Fogaça,Venezuela
240,Isabella Ramos,Moreira,Gronelândia
241,Ana Sophia Araújo,Porto da Mata,Samoa
242,João Miguel Rocha,Gomes,Malávi
243,Emilly Gomes,Vieira,Micronésia
244,Ana Júlia Barros,Jesus das Pedras,União Europeia
245,Ryan da Conceição,da Mota,Faroé
246,Dr. Luiz Gustavo Jesus,Campos,Seicheles
247,Srta. Ana Lívia Martins,Porto,Ilhas Caiman
248,Gustavo Souza,Cavalcanti do Campo,Ilhas Virgens Britânicas
249,Stephany da Mota,Moura,Bulgária
250,Luigi Carvalho,Vieira,Marrocos
251,Isabella Sales,Carvalho,Quirguizistão
252,Thiago Cardoso,das Neves Verde,São Vicente e Granadinas
253,Davi Lucas Nunes,Lima da Praia,Andorra
254,Sophia da Rosa,Pires da Prata,Turquia
255,Maria Alice Campos,Gonçalves,Vanuatu
256,Daniel da Mata,Novaes,Ilhas Turcas e Caicos
257,Lorena Nascimento,Monteiro da Serra,Akrotiri
258,Marcela Castro,da Rocha de Fogaça,Mali
259,Luna Aragão,Carvalho do Oeste,Japão
260,Vicente da Conceição,Gonçalves,Estados Unidos
261,Yuri Lima,Nogueira,Santa Lúcia
262,Larissa das Neves,Novaes de Pires,Wallis e Futuna
263,Isabelly Nunes,Barros do Galho,Vanuatu
264,Thiago Gonçalves,Dias da Serra,Ilhas Turcas e Caicos
265,Laís da Conceição,Ribeiro de Campos,Ilhas Turcas e Caicos
266,Maria Sophia Alves,da Cruz de Martins,Austrália
267,Joana Rezende,Costela do Norte,Timor Leste
268,Ana da Cunha,da Paz,Ilhas Marshall
269,João Guilherme Cunha,Rezende,Kuwait
270,Marcos Vinicius Oliveira,Cavalcanti de Goiás,Suriname
271,Sr. Enrico Farias,Alves,Santa Helena
272,Breno Fogaça,Rocha,Paquistão
273,Rafaela Nascimento,Nascimento do Norte,Filipinas
274,Sr. Heitor Moreira,Oliveira de Carvalho,Andorra
275,Eduardo Jesus,Castro,Roménia
276,João Lucas Sales,Cardoso,Egito
277,Antônio Ribeiro,Martins,Paquistão
278,Vitor Moreira,Almeida,Austrália
279,Diego Rezende,Caldeira do Sul,Cuba
280,Sra. Catarina Fogaça,Moreira,Samoa
281,Arthur Alves,Dias das Flores,Ilhas Marshall
282,Breno Caldeira,Cardoso,Mônaco
283,Ana Julia da Rocha,Moura de Almeida,Fiji
284,Isadora da Rosa,Rocha,Somália
285,Maria Julia Silveira,da Cruz,Territórios Austrais Franceses
286,Lucas Cunha,da Mata da Serra,Paracel Islands
287,Eduardo da Mota,da Mota dos Dourados,Barbados
288,Dr. Igor Nunes,Campos,Cazaquistão
289,Erick Fogaça,da Mota da Prata,Libéria
290,Bernardo Nascimento,Rodrigues,Japão
291,Agatha da Luz,Gonçalves de Rocha,Reino Unido
292,Marcos Vinicius Barros,Mendes de Silveira,Niue
293,Melissa Campos,Ramos,Reino Unido
294,Stella Moura,Gomes da Serra,Congo-Kinshasa
295,Milena Vieira,Mendes de Goiás,Líbano
296,Eloah Pereira,Pinto,Moldávia
297,Ana Beatriz Peixoto,Ramos,Finlândia
298,Marcelo Correia,Fogaça de Martins,Trindade e Tobago
299,Bruna Cardoso,Rodrigues,Burundi
300,Benício Cardoso,da Luz,Timor Leste
301,Brenda Teixeira,Novaes Verde,Macau
302,Luiz Gustavo Ribeiro,Pereira da Praia,Malávi
303,Srta. Alana Costa,Vieira,Bangladesh
304,Erick Pereira,Gomes,Ilhas Virgens Americanas
305,Davi Gomes,Duarte,Suíça
306,Brenda da Luz,Sales da Praia,Israel
307,Lívia Caldeira,Nunes de Ribeiro,Ilhas Falkland
308,Carlos Eduardo Vieira,Porto Verde,Hong Kong
309,Luna Costela,Pereira,Portugal
310,Nicolas Souza,Rocha de da Mota,Zâmbia
311,Sabrina Fogaça,Fernandes,Botsuana
312,Dr. Rodrigo Barbosa,Lopes da Prata,República Checa
313,Evelyn da Rocha,Rezende,Ilhas dos Cocos
314,Calebe Sales,Azevedo,Ilhas Falkland
315,Fernando da Conceição,Teixeira,Ucrânia
316,Yasmin Mendes,Cardoso do Amparo,Sudão
317,Larissa Lima,Costela do Oeste,Madagáscar
318,Melissa Moraes,Ramos de Aragão,São Cristóvão e Neves
319,Dr. João Guilherme Campos,Cardoso Grande,Svalbard e Jan Mayen
320,Kaique Porto,Moreira,Niue
321,Ana Júlia Carvalho,Cardoso,Vietnam
322,Ryan Farias,Nunes Alegre,Guiné Equatorial
323,Bianca da Costa,da Mata Verde,Guernsey
324,Davi Lucas Dias,Gonçalves,Ruanda
325,Leandro Aragão,Barros,Vanuatu
326,Ana Julia Caldeira,Araújo,Mônaco
327,Diogo da Rocha,Carvalho,Reino Unido
328,Augusto Duarte,Novaes,Akrotiri
329,Sophia Costa,Pereira do Oeste,Nauru
330,Ana Dias,Gonçalves de Minas,Santa Helena
331,Bruna Fogaça,das Neves Verde,Tanzânia
332,Ana Júlia da Rocha,Azevedo,Domínica
333,Nicole Monteiro,da Conceição do Galho,Catar
334,Leonardo Castro,Rodrigues do Galho,Austrália
335,Carlos Eduardo Nogueira,da Cunha das Pedras,Mayotte
336,Cauê Cunha,Moreira,Gibraltar
337,Sra. Heloísa Nogueira,Nunes,Croácia
338,Luana Ramos,Novaes,Togo
339,Caio Nogueira,Cavalcanti das Pedras,Iran
340,Davi Lucca Freitas,da Mata Verde,Fiji
341,Emanuelly Ribeiro,Ferreira da Prata,Ilhas Marshall
342,Isadora Viana,da Cunha,Argélia
343,Gabriela da Mata,Viana das Flores,Nova Caledónia
344,Yago Cardoso,Gomes do Campo,Níger
345,João Pedro Ramos,Cardoso de Aragão,Irlanda
346,Joana da Costa,Castro,Índia
347,Daniel Caldeira,Souza do Galho,Guiné
348,Maysa Gonçalves,Pires,Sri Lanka
349,Ana Clara Fernandes,Silva,Lesoto
350,Kevin da Rocha,Santos,Zâmbia
351,Stella Nascimento,Aragão Verde,Costa do Marfim
352,Alexandre da Mota,Caldeira das Pedras,Gabão
353,Davi Luiz Lopes,Monteiro de Dias,Noruega
354,Maria Cecília Costa,da Conceição,Gronelândia
355,Bruna Martins,Almeida Verde,Taiwan
356,Bryan Silva,da Conceição da Serra,Nova Zelândia
357,Giovanna Lima,Vieira Paulista,Índia
358,Lara Lima,Aragão de Barros,Roménia
359,João Pedro Nunes,Souza do Campo,Espanha
360,Joana Moura,das Neves de Duarte,Roménia
361,Dra. Ana Júlia Pires,Cardoso de da Cunha,Peru
362,Isabel Moreira,Dias,Brasil
363,Eduardo Campos,Fogaça,Guiné
364,Lorenzo Souza,Duarte dos Dourados,Ilhas Cook
365,Mariana da Cruz,da Mata de Goiás,Sérvia
366,Beatriz Martins,Farias de Peixoto,Haiti
367,Miguel Silveira,Moraes do Oeste,Somália
368,Maria Eduarda da Mata,Peixoto,Austrália
369,Vinicius Sales,da Rocha de Cunha,Ilha Bouvet
370,João Miguel da Rocha,Lima,Turquemenistão
371,Dra. Ana Júlia da Mota,Nascimento da Serra,Domínica
372,Anthony Barbosa,Souza,Barein
373,Nicole Nogueira,Ribeiro da Serra,Catar
374,Marcos Vinicius Farias,Oliveira,Porto Rico
375,Mariane Cunha,Costa das Pedras,Zâmbia
376,Gabriela da Conceição,Rocha,Senegal
377,Dr. Isaac Almeida,Peixoto das Pedras,Dinamarca
378,Dr. Enzo Rodrigues,Pires de Melo,Egito
379,Sra. Isabella Nogueira,Silva do Amparo,Jamaica
380,Augusto Souza,da Costa,Akrotiri
381,Kamilly Teixeira,Nunes,Equador
382,Mirella Cardoso,Barros Alegre,Líbia
383,Ana Sophia da Conceição,Fogaça,Brunei
384,Felipe Correia,Gomes,Sudão
385,Pedro Gomes,Sales,Tokelau
386,Matheus Dias,Oliveira,Nova Caledónia
387,Kamilly Nunes,Rezende da Praia,Lituânia
388,Maria Sophia Mendes,Rezende de Almeida,Brunei
389,Alana Cardoso,Gomes,Turquia
390,Dr. Breno da Cruz,Correia,Egito
391,Sra. Isadora Moreira,Silva das Flores,Países Baixos
392,Cecília Cavalcanti,Lopes de Alves,Níger
393,Ana Sophia Cavalcanti,Teixeira,Gabão
394,Joaquim Silva,das Neves da Prata,Nigéria
395,Miguel Souza,Barros de Azevedo,Ilhas Heard e McDonald
396,Sr. Renan Peixoto,Aragão,São Marinho
397,Igor Duarte,da Paz da Mata,Antígua e Barbuda
398,Carlos Eduardo da Cunha,Barbosa do Sul,Canadá
399,Felipe Pinto,Araújo,Iran
400,Henrique da Cunha,Nascimento,Costa Rica
401,Yasmin Fernandes,Fogaça,São Tomé e Príncipe
402,Lavínia Pinto,Novaes de Fernandes,Bósnia e Herzegovina
403,Amanda Moura,Sales do Norte,Malásia
404,Enzo Gabriel Aragão,Santos de Freitas,Macau
405,Emanuelly Fernandes,Ferreira,Líbano
406,Juan Cavalcanti,Correia,Polinésia Francesa
407,Emanuella Ramos,Aragão Paulista,Ilha Bouvet
408,João Lucas Carvalho,Almeida das Pedras,Ruanda
409,Dra. Esther Moura,da Cruz,Belize
410,Amanda Costela,da Rosa Paulista,Bulgária
411,Carlos Eduardo Oliveira,Moreira,Sara Ocidental
412,Murilo da Paz,Fernandes,Ucrânia
413,Mariane da Mata,Sales,Libéria
414,Bianca Alves,Jesus das Flores,Hong Kong
415,Ana Laura Carvalho,Correia,Suíça
416,Anthony Cardoso,Porto,Turquia
417,Bruna Melo,Cavalcanti,Mayotte
418,João Ferreira,Gomes,Antígua e Barbuda
419,Srta. Bianca Viana,Oliveira Grande,Chade
420,Ryan Aragão,Ferreira de das Neves,Turquemenistão
421,Marcos Vinicius Mendes,Almeida de Gonçalves,Gabão
422,Davi Silva,Dias,Tokelau
423,Maysa Lopes,da Cruz,Seicheles
424,Gustavo Mendes,Nascimento Paulista,Vietnam
425,Daniela Cardoso,da Rocha,Finlândia
426,Luiz Gustavo Ribeiro,Fernandes,Jan Mayen
427,Ana Lívia Castro,Porto das Flores,Israel
428,Miguel Melo,Nascimento,União Europeia
429,Luiz Otávio Pires,Silveira,Anguila
430,Clara Gonçalves,Cardoso,Suazilândia
431,Lorena Barbosa,Dias de Minas,Argentina
432,Eduarda Cunha,das Neves,Guiné-Bissau
433,Marina Melo,Costela do Sul,Maldivas
434,Kevin Oliveira,Jesus,Nova Caledónia
435,Luiz Miguel Ramos,Rezende de Lopes,Gâmbia
436,Vicente Moreira,Costela de Goiás,Polônia
437,Dra. Stella da Luz,Araújo,Navassa Island
438,Dra. Maria Julia Ferreira,da Rocha do Campo,Iraque
439,Agatha Nascimento,Alves de Fernandes,Omã
440,Levi Moura,Cavalcanti,Arábia Saudita
441,Heitor Barros,da Conceição da Prata,São Marinho
442,Evelyn Mendes,Mendes da Praia,Países Baixos
443,Vinicius Araújo,Oliveira,Taiwan
444,Isadora Dias,da Rocha Paulista,Tuvalu
445,Cecília Silveira,Costa,Madagáscar
446,Maitê Fogaça,Ferreira Grande,República Checa
447,Emanuella Moreira,Azevedo Grande,Costa Rica
448,Clarice Araújo,Castro,Togo
449,Isadora Vieira,Rocha,Indonésia
450,Nicolas Lima,Correia da Serra,Santa Lúcia
451,Sr. João Miguel Farias,Rocha do Sul,Egito
452,Thales Costela,Caldeira,Iêmen
453,Alice Santos,Ribeiro das Pedras,Togo
454,Anthony Dias,Oliveira,Nova Zelândia
455,Júlia Azevedo,Nunes,Eslovênia
456,Alice Porto,Nogueira,Fiji
457,João Miguel Moreira,Aragão Grande,Ilhas Salomão
458,Sr. Davi Freitas,Jesus,Santa Lúcia
459,Melissa Dias,Duarte,Ilhas Salomão
460,Luiz Gustavo da Paz,Cardoso,Uruguai
461,Enzo Gabriel Araújo,Aragão Verde,Filipinas
462,Sr. Augusto Rocha,Mendes,Monserrate
463,Dr. Juan da Paz,da Rosa,Sudão
464,Srta. Maria Julia Teixeira,Alves,República Checa
465,Beatriz Cardoso,Viana,França
466,Lorena Dias,Carvalho,Senegal
467,Caroline Azevedo,Souza,Navassa Island
468,André Almeida,Pinto,Bulgária
469,Thomas Fernandes,da Mata de Goiás,Tokelau
470,Paulo Araújo,Nunes,Áustria
471,Nina da Rocha,da Conceição,Quênia
472,Yago Araújo,Azevedo de Moraes,Honduras
473,Isabel da Rocha,Rezende,Congo-Kinshasa
474,André Oliveira,Nunes das Flores,Finlândia
475,Lorenzo da Cruz,Aragão,Ilhas Caiman
476,Maria Campos,Aragão,Zimbabué
477,Dr. Vitor Hugo Novaes,Mendes,Nigéria
478,Raquel Novaes,Nascimento,Filipinas
479,Eduardo Gomes,Oliveira,Zâmbia
480,Dr. Kaique Pereira,da Costa,Noruega
481,Alexia Moreira,Cavalcanti,Ilhas Cook
482,Lorena Nascimento,Cardoso das Pedras,São Vicente e Granadinas
483,Nathan Moura,Silveira,México
484,Thiago Nogueira,Cavalcanti da Praia,Sara Ocidental
485,Mirella Fernandes,da Cunha do Campo,Cazaquistão
486,Ana Julia Barros,Moura,Barbados
487,Emanuella Souza,Nogueira da Serra,Mauritânia
488,Yago Souza,Jesus da Prata,Portugal
489,João Vitor Silveira,da Conceição da Mata,Laos
490,Elisa Lopes,Lopes da Mata,Suazilândia
491,Sra. Maria Sophia Lopes,Lima,Vanuatu
492,Calebe Monteiro,Carvalho,Senegal
493,Lara Farias,Silva,Colômbia
494,Mirella Duarte,da Mota Alegre,Papua-Nova Guiné
495,Otávio da Costa,da Mata,Japão
496,Sra. Amanda Farias,Nogueira,Tunísia
497,Juan Nascimento,das Neves de Farias,Macedônia
498,Sr. João Felipe Lopes,Souza de Campos,Ilhas Salomão
499,Fernanda Lima,Porto,Pitcairn
500,Larissa Araújo,Vieira do Sul,Gabão
501,Alícia Dias,Costela Alegre,Croácia
502,Julia Farias,Nogueira Verde,Somália
503,João Vitor Campos,Barros,Grécia
504,Vinicius Costela,Ribeiro,Costa Rica
505,Dr. Arthur Gonçalves,Almeida,Síria
506,Daniel da Mota,Pinto Paulista,Malta
507,Maria Julia Fernandes,da Cruz,Nova Caledónia
508,Guilherme Gonçalves,Oliveira da Mata,Wallis e Futuna
509,Dr. Bruno Castro,da Luz,Samoa
510,Caroline Caldeira,Lopes do Norte,Guiné-Bissau
511,João da Cruz,da Rocha Paulista,Nauru
512,Thales Silveira,Nascimento,Madagáscar
513,Isadora Duarte,da Cruz de Goiás,Quirguizistão
514,Dra. Milena Correia,da Costa,Estônia
515,Emilly da Costa,Peixoto Paulista,Usbequistão
516,Lorena Pires,Fogaça de Cardoso,Porto Rico
517,Mirella Souza,Moura,Wallis e Futuna
518,Heloísa Lima,Nogueira,Suazilândia
519,Sra. Isabelly Viana,da Mata,Tuvalu
520,Srta. Emanuelly Costa,Monteiro,Bósnia e Herzegovina
521,Luiz Felipe Campos,Melo de Teixeira,Monserrate
522,Alana Costela,Vieira de Barbosa,Nova Zelândia
523,Maria Clara Correia,Fogaça de Goiás,Barbados
524,Alice Carvalho,Martins do Sul,Akrotiri
525,Ana Clara Freitas,Aragão do Norte,Birmânia
526,Matheus Santos,das Neves de Carvalho,Venezuela
527,Luiza Gonçalves,Rezende,Guatemala
528,Ana Carolina da Costa,da Mota da Serra,Tanzânia
529,Isabella Moreira,Castro Alegre,Ilhas Heard e McDonald
530,Mirella Gonçalves,Melo das Flores,Barbados
531,Ana Julia Aragão,Aragão da Prata,Jibuti
532,Rafael da Mota,da Rosa,Timor Leste
533,Sabrina Carvalho,Lima,Mauritânia
534,Sr. Luiz Otávio Almeida,Aragão,Gabão
535,Alícia Souza,Lima de Nogueira,Paracel Islands
536,Sr. Leandro Castro,Almeida Grande,Belize
537,Bruno da Conceição,Ferreira de Goiás,Hong Kong
538,Srta. Lavínia da Costa,Araújo,Jan Mayen
539,Alana da Paz,Campos,Chipre
540,Sophia Gonçalves,Pinto,Hungria
541,Isabelly Cavalcanti,Pinto,Islândia
542,Dra. Heloísa Teixeira,das Neves,Honduras
543,Juliana Pinto,Farias de Goiás,Mayotte
544,João Lucas Lopes,Jesus Grande,Santa Lúcia
545,Gabrielly Porto,Mendes dos Dourados,Ilhas Turcas e Caicos
546,João Felipe Souza,da Mata de Vieira,Egito
547,Sophie Campos,Monteiro de Teixeira,Namíbia
548,Raul Ribeiro,Vieira,Letônia
549,Fernando da Rosa,Ramos de Rezende,Gâmbia
550,Renan da Luz,Moreira Alegre,Cabo Verde
551,Letícia da Cruz,Farias,Catar
552,Benjamin Campos,Freitas dos Dourados,Seicheles
553,Emanuel Rezende,Correia de Gomes,Usbequistão
554,Enzo Gabriel Jesus,Rocha,Polônia
555,Dr. Matheus Monteiro,Barbosa de Freitas,Portugal
556,Julia Silva,da Mota,Jibuti
557,Dr. Breno Castro,Barros,Guam
558,Pedro Rodrigues,Souza da Praia,Guiné-Bissau
559,Helena Barbosa,Azevedo do Campo,Chipre
560,Laís Silveira,Lima,Argentina
561,Stephany Rodrigues,Cunha,Chile
562,João da Paz,Peixoto,Colômbia
563,Kevin Rodrigues,Cardoso,Cuba
564,Dra. Julia Ribeiro,Sales,Gâmbia
565,Mirella Mendes,da Luz Paulista,Fiji
566,Ana Sophia da Cruz,Martins do Oeste,São Cristóvão e Neves
567,Dr. Bryan Caldeira,Martins,Costa do Marfim
568,Julia da Conceição,Ribeiro de da Paz,Moçambique
569,Sophie Cunha,Costa,Paraguai
570,Davi Luiz Moura,Almeida da Serra,Nova Caledónia
571,Pietro Vieira,das Neves de Minas,Navassa Island
572,Amanda da Rosa,Lima Grande,Marrocos
573,Dra. Cecília Cavalcanti,Almeida,Wallis e Futuna
574,Maria Clara Freitas,Martins Paulista,Luxemburgo
575,Lavínia da Mota,Alves,Tonga
576,Thiago Farias,Farias Paulista,Itália
577,Sr. Theo Azevedo,Rezende do Oeste,Peru
578,Ian da Mota,Rezende das Flores,Marrocos
579,Sr. Lucas Costela,Silva do Norte,Malta
580,Dra. Laís Azevedo,Cunha,Guiana
581,Breno da Paz,Pinto,Austrália
582,Sofia Farias,da Luz do Sul,Dhekelia
583,Letícia Silveira,Mendes do Norte,Guatemala
584,Thales Araújo,Rocha das Flores,São Marinho
585,Davi Jesus,Moreira,Senegal
586,Olivia Oliveira,Sales,Nicarágua
587,Diego Costa,da Mota,Monserrate
588,Thiago da Luz,Rocha,Espanha
589,Dra. Eduarda Rezende,Ramos do Amparo,Canadá
590,Beatriz Costa,da Rosa Grande,Chade
591,Raquel Monteiro,da Paz de Peixoto,Togo
592,Francisco Duarte,da Cruz de Goiás,Ilhas dos Cocos
593,Luana da Paz,Monteiro da Prata,Macedônia
594,Mariana Novaes,Rezende,Mônaco
595,Milena Caldeira,Viana das Flores,Moçambique
596,Dra. Emanuella da Luz,Araújo de Monteiro,Antilhas Holandesas
597,Srta. Heloísa Martins,da Conceição,Ilhas Marshall
598,Caroline Monteiro,Castro da Serra,Líbano
599,Vitor Gabriel Carvalho,Moreira,Costa do Marfim
600,Isabelly Farias,Azevedo do Galho,Costa Rica
601,Daniel Caldeira,Oliveira,Letônia
602,Noah da Paz,Castro,Moçambique
603,Alexandre Cardoso,Moreira da Prata,São Tomé e Príncipe
604,Sr. Vicente Gonçalves,Silveira,Estônia
605,Maria Luiza Gomes,Araújo,Mali
606,Fernando Pires,da Rosa Verde,Ilhas Virgens Britânicas
607,Gustavo da Paz,Cunha das Flores,Iraque
608,Alana da Luz,Costela Paulista,Pitcairn
609,Ana Carolina Gonçalves,da Mata,Áustria
610,Ana Júlia da Costa,Caldeira de Goiás,Tajiquistão
611,Davi Luiz Farias,Campos,Seicheles
612,Noah da Rocha,Rezende Alegre,Iraque
613,Maria Vitória Almeida,Santos de Fernandes,Liechtenstein
614,Thomas Santos,Lima do Oeste,Svalbard e Jan Mayen
615,Dra. Joana Costa,Costa das Flores,Timor Leste
616,Manuela das Neves,Correia Verde,Mônaco
617,Luiz Miguel Novaes,Teixeira do Oeste,México
618,Bruno Moura,Ferreira de da Mota,Paquistão
619,Juan Nogueira,Souza,Bermudas
620,Elisa da Mata,das Neves,Andorra
621,Isabella da Cunha,Ramos,Lituânia
622,Maria Alice Barros,Carvalho do Norte,Suazilândia
623,Breno Cardoso,Lopes,Clipperton Island
624,Luigi Fogaça,da Mata,Filipinas
625,Julia Carvalho,Sales,Palau
626,Evelyn Pereira,Nogueira,Áustria
627,Ana Melo,Azevedo do Oeste,Domínica
628,Maria Cecília Almeida,da Mata de Novaes,Congo-Brazzaville
629,Melissa Mendes,Souza de Goiás,Jordânia
630,Ana Vitória da Mata,Cardoso,Ilha Bouvet
631,Juliana da Mota,Martins de das Neves,Portugal
632,Sra. Pietra Castro,Fogaça,Nigéria
633,Lorena Araújo,Barros de Teixeira,Albânia
634,Sra. Heloísa Nunes,Farias de Minas,Chipre
635,Sr. Heitor Ramos,Dias,Quirguizistão
636,Srta. Luiza Alves,da Luz da Prata,Estônia
637,Ana Beatriz Cunha,da Mata,Bulgária
638,João Pedro da Conceição,Aragão Grande,Birmânia
639,Pedro Miguel Castro,Barbosa do Norte,Antártica
640,Dra. Isabel Barbosa,Fernandes de Goiás,Navassa Island
641,Srta. Julia Ribeiro,da Luz,Países Baixos
642,Pedro Henrique das Neves,Monteiro,Turquemenistão
643,Samuel Moura,Viana de Rezende,Mauritânia
644,Helena Vieira,Moraes Paulista,Ilha do Natal
645,Alice Silva,Alves,Bangladesh
646,Sr. Rodrigo da Rosa,Farias,Dhekelia
647,Maria Eduarda Cunha,da Costa,Rússia
648,Eloah Campos,Jesus,Vanuatu
649,Luigi Duarte,Pires,Eslovênia
650,Sra. Luana Correia,Araújo,Antártica
651,Murilo Cavalcanti,Souza,Kuwait
652,Vicente Rezende,Rezende Alegre,Guiné
653,Luiz Otávio Duarte,Vieira da Serra,Dhekelia
654,Gustavo Dias,Costa,Dinamarca
655,Mirella da Costa,Carvalho,Quirguizistão
656,Srta. Ana Clara Aragão,Farias,Estados Unidos
657,Bianca Teixeira,Carvalho do Campo,Namíbia
658,Cecília Costa,Rezende de Goiás,Barbados
659,Lavínia Martins,Porto Verde,Luxemburgo
660,Sra. Ana Carolina Pires,da Rocha de Costela,Portugal
661,Lucca da Rosa,Souza do Campo,Suíça
662,Ana Carolina Vieira,Fogaça do Oeste,Azerbaijão
663,Ana Vitória Alves,Nunes de Porto,Barein
664,Theo da Rosa,Nascimento de Rodrigues,Papua-Nova Guiné
665,Caio Farias,Rocha do Oeste,Rússia
666,Anthony Castro,da Paz das Pedras,Nauru
667,Marcos Vinicius Martins,Viana do Sul,Mônaco
668,Sophia da Paz,Mendes da Prata,Haiti
669,Marcela Mendes,Correia,Grécia
670,Dr. Arthur Melo,Carvalho,Samoa Americana
671,Luiza da Costa,Carvalho de da Rocha,Monserrate
672,Milena Santos,Nascimento da Mata,Porto Rico
673,Luiz Otávio da Mota,Monteiro,Irlanda
674,Gabrielly das Neves,Souza,Iraque
675,Melissa Costela,Barros,Samoa
676,Kaique Alves,Melo Verde,Países Baixos
677,Evelyn Dias,Pires do Oeste,França
678,Emilly Gomes,Novaes,Islândia
679,Sr. João Miguel da Cunha,Fogaça Paulista,Ilhas Virgens Americanas
680,Ana Júlia Oliveira,da Mata,Jan Mayen
681,Natália Moreira,Nunes do Oeste,Iêmen
682,Nicolas Castro,Teixeira de Correia,Turquemenistão
683,Ana Julia Lima,Sales Verde,Andorra
684,Evelyn Correia,Moraes,Tuvalu
685,Isaac Correia,Martins,Finlândia
686,Davi Luiz Cardoso,da Conceição,Malásia
687,Anthony Melo,Ribeiro,Guam
688,Mariane da Luz,Santos dos Dourados,Togo
689,Dra. Maria Fernanda Cardoso,da Cruz,Suazilândia
690,Srta. Nina Fogaça,Fogaça,Samoa Americana
691,Vicente Campos,Rocha de Moreira,Colômbia
692,Davi Ferreira,Cunha do Amparo,Maldivas
693,Murilo Duarte,Monteiro,Afeganistão
694,Laís Martins,Aragão,Barein
695,Cauê Correia,Santos da Prata,São Marinho
696,Sr. Otávio da Costa,Castro,Suazilândia
697,Sra. Isis Azevedo,Cunha da Mata,Dinamarca
698,Sra. Beatriz Barbosa,Pereira do Galho,Comores
699,Luiz Fernando da Mata,Dias,Wake Island
700,Clara Costela,Teixeira do Campo,Vietnam
701,Sra. Mariana Santos,Azevedo de Minas,Alemanha
702,Davi Pinto,Correia Verde,Togo
703,Lorenzo Martins,Silveira,Congo-Kinshasa
704,Luana Cavalcanti,Gomes das Pedras,Clipperton Island
705,Vitória Moreira,Rezende,Marrocos
706,Sra. Maria Alice Rocha,Silveira,Bangladesh
707,Maria Julia Sales,Jesus,Israel
708,Srta. Ana Sophia Lopes,Lopes,Laos
709,Srta. Olivia Jesus,da Paz do Galho,Cuba
710,Gustavo Henrique Rocha,Rodrigues da Prata,Iraque
711,Benjamin Araújo,Melo,Iêmen
712,Erick Melo,Azevedo,Zimbabué
713,Gabriel Araújo,da Mata da Praia,Eslováquia
714,Letícia Alves,Souza do Norte,Congo-Kinshasa
715,Stephany Gomes,da Rocha,Islândia
716,Dra. Isabella Cunha,Silveira das Flores,Lituânia
717,Dra. Raquel da Costa,Freitas dos Dourados,Sara Ocidental
718,Sra. Raquel Fernandes,da Cunha de Cardoso,Iraque
719,Bernardo Barbosa,Peixoto,Camarões
720,Marcelo da Rosa,Farias,Birmânia
721,Leonardo Almeida,Alves,Tonga
722,Larissa da Paz,Nascimento,Hong Kong
723,Mirella das Neves,Lopes,Costa do Marfim
724,Júlia Freitas,Cardoso,Chipre
725,João Felipe da Rocha,Castro de Novaes,França
726,Sr. Anthony Pinto,Cardoso,Reino Unido
727,Dr. Igor Nogueira,Alves das Pedras,Wallis e Futuna
728,João Miguel Martins,Moraes da Praia,Papua-Nova Guiné
729,Nina Lopes,Campos,Guam
730,Bárbara Cardoso,Castro do Oeste,Costa Rica
731,Carolina Ferreira,Sales do Galho,Israel
732,Emilly Carvalho,Lima de da Mota,República Checa
733,Enzo Moreira,Castro de Viana,Dinamarca
734,Fernando Moreira,Rodrigues,Quirguizistão
735,Ana Julia Moura,Vieira da Serra,Samoa
736,Eduarda Oliveira,Silveira,República Checa
737,Luiz Miguel Carvalho,Cardoso de Santos,Montenegro
738,Davi Lucas Peixoto,Ferreira dos Dourados,México
739,Marcelo Cavalcanti,Correia de Azevedo,Coreia do Norte
740,Gabriela Rocha,Cunha,Ilha Norfolk
741,Ana Clara da Rosa,Rezende,Granada
742,Sr. Lucca Barbosa,Novaes,Tokelau
743,Alexia Pinto,da Mata,Chile
744,Pietro Teixeira,da Mota,Ilhas dos Cocos
745,João Gabriel Campos,Farias Verde,Bermudas
746,Rebeca da Conceição,Rezende,Tokelau
747,Sr. Eduardo Porto,Rocha de Fogaça,Nicarágua
748,Noah Lima,Moreira Grande,Iêmen
749,Beatriz Rodrigues,Aragão da Prata,Cazaquistão
750,Nathan Rezende,Peixoto de Nunes,Haiti
751,Gabriela Caldeira,Fogaça da Mata,Iran
752,Thomas Jesus,Alves,Coral Sea Islands
753,Luigi Novaes,Costela,Birmânia
754,Daniel Pereira,Melo,Costa do Marfim
755,Isadora da Mata,Rocha,Panamá
756,Davi Gonçalves,da Conceição da Prata,Portugal
757,Juliana da Paz,Rodrigues Alegre,Hong Kong
758,Lucca Melo,Castro,Samoa Americana
759,Ana Laura Costa,Lima,Síria
760,Maitê Caldeira,Aragão,Hong Kong
761,Mirella Cardoso,Carvalho,Rússia
762,Luiz Otávio Rodrigues,Novaes do Norte,Taiwan
763,Vicente Martins,Azevedo de Peixoto,Mongólia
764,Vitória Costa,Lopes de Jesus,Clipperton Island
765,Lívia Almeida,Fernandes,Guatemala
766,Juliana Nunes,Campos,Paracel Islands
767,Juliana da Mota,Fernandes Verde,Comores
768,Ana Carolina Araújo,Araújo,Níger
769,Srta. Esther da Costa,Moura do Campo,Gabão
770,João Porto,Pinto de Cavalcanti,Wake Island
771,Dr. Davi Lucas Santos,Monteiro,Jordânia
772,Theo Lopes,Teixeira,Panamá
773,Ana Laura Dias,Lima,Porto Rico
774,Sra. Ana Carolina Novaes,Gomes de Viana,Sri Lanka
775,Ana Júlia Mendes,da Conceição de Monteiro,Ilha do Natal
776,Dr. Yago Moura,Pereira de Minas,Lituânia
777,João Felipe Campos,Araújo,Lesoto
778,Sr. Lucas da Conceição,Cavalcanti de Pires,Afeganistão
779,Agatha Caldeira,da Cunha dos Dourados,Panamá
780,Nathan Cunha,Alves,Paquistão
781,Luiz Otávio da Costa,Vieira,Congo-Kinshasa
782,Marina Campos,Lima de Cardoso,São Tomé e Príncipe
783,Henrique Alves,Freitas,Clipperton Island
784,Dr. Lorenzo Nunes,Barbosa de Lopes,Faroé
785,Pedro Gomes,da Costa,Afeganistão
786,Luiz Felipe Freitas,Mendes do Campo,Nepal
787,Catarina Souza,da Cunha,Bangladesh
788,Marcos Vinicius Lopes,Moura de Lopes,Argélia
789,Vitor Monteiro,Pinto do Galho,Nicarágua
790,Isabelly Lima,Pinto Verde,Jersey
791,Lucca Farias,Oliveira,Polinésia Francesa
792,Srta. Eloah Dias,Azevedo de Barbosa,Bélgica
793,Diogo Lopes,Fogaça,Japão
794,Fernanda Vieira,Farias de Carvalho,Albânia
795,Anthony Martins,da Cunha,Rússia
796,Srta. Brenda Vieira,da Conceição de Minas,Porto Rico
797,Ian da Luz,Rodrigues,Porto Rico
798,Joaquim Castro,Lopes do Campo,Birmânia
799,Dr. Marcos Vinicius Moreira,Pereira,Ilhas Virgens Britânicas
800,Gabriel das Neves,Lopes,Portugal
801,Lucca Nogueira,Aragão,Ucrânia
802,Dra. Maria Vitória Barros,da Luz do Oeste,Santa Helena
803,Benício Moreira,Melo,Macedônia
804,Maria Clara Porto,Castro de Silveira,Jan Mayen
805,Luiz Gustavo Ramos,Monteiro do Sul,Líbia
806,Juliana Oliveira,Costa,Ilha Norfolk
807,Dr. Pedro Henrique das Neves,Cardoso,Mayotte
808,Srta. Gabriela da Cruz,Martins,Samoa Americana
809,Milena Vieira,Correia das Pedras,Zâmbia
810,Isabella Ramos,Nogueira da Mata,Quirguizistão
811,Anthony Oliveira,Rocha de Nogueira,Albânia
812,Arthur Ferreira,Pereira,Camarões
813,Mirella Carvalho,Santos Alegre,Peru
814,Heitor Nogueira,Gomes,Gibraltar
815,Gabriela Lopes,Gonçalves do Galho,Moçambique
816,Nathan Gonçalves,Rodrigues,Paquistão
817,Bruno da Mata,Silveira das Flores,Ilhas Cook
818,Julia Vieira,Oliveira do Sul,Portugal
819,Joana Correia,Costela das Pedras,Madagáscar
820,Letícia Ribeiro,Moreira,Síria
821,Isis Melo,Monteiro,Luxemburgo
822,Eduarda Ferreira,Oliveira,Ilhas Caiman
823,Pedro Lucas Campos,Martins,Macau
824,Ana Júlia Cunha,Sales,Wallis e Futuna
825,Lucca Azevedo,Novaes,Aruba
826,Natália Barbosa,Nascimento de Dias,Território Britânico do Oceano Índico
827,Maitê Souza,Gonçalves das Pedras,Tailândia
828,Sophia da Cunha,Farias do Campo,Hong Kong
829,Emanuel Rocha,Moreira de Almeida,Tunísia
830,Levi Caldeira,Costela,Navassa Island
831,Sr. Vitor Viana,da Cruz do Norte,Jamaica
832,Emilly das Neves,da Rosa de Melo,Santa Lúcia
833,Vitor da Conceição,Melo,Reino Unido
834,Lorenzo Oliveira,Nunes de da Rosa,Bielorrússia
835,Lavínia Campos,Novaes,Quênia
836,Calebe Barros,Pinto da Praia,Ilhas dos Cocos
837,Vitor Gabriel da Mata,Nunes da Prata,Andorra
838,Sr. Lucas Gabriel da Cruz,Costela,Sri Lanka
839,Ana Sophia da Cruz,Porto das Pedras,Gibraltar
840,Igor Sales,da Luz do Galho,Polinésia Francesa
841,Cauê Gonçalves,Pires,Equador
842,Diego Caldeira,Duarte de Gonçalves,China
843,Caroline Nogueira,Araújo,Antilhas Holandesas
844,Clara Nunes,Ribeiro,Eritreia
845,Dra. Esther Costela,Moreira,Haiti
846,Igor da Conceição,Alves da Prata,Bélgica
847,Lorenzo Nogueira,Silva Paulista,Aruba
848,João Gabriel Gomes,Moraes,Coreia do Sul
849,Alexia da Cruz,Alves,Micronésia
850,Nathan Cunha,Pires das Flores,Ilhas Turcas e Caicos
851,Lorena Dias,Rezende de da Cruz,Tonga
852,Pietro Cunha,Rodrigues dos Dourados,Afeganistão
853,Isadora Vieira,Nogueira,Nepal
854,Sra. Luna Gonçalves,Melo das Flores,Mali
855,Daniela Pereira,da Conceição do Campo,Nova Zelândia
856,Joana Moraes,Viana de Rezende,Roménia
857,Stella Pinto,Mendes,Jordânia
858,Kaique Ramos,Peixoto do Sul,Camboja
859,Isadora Barros,Pires,Ruanda
860,Rodrigo Martins,Moreira de Silva,Wake Island
861,Agatha Cavalcanti,Cavalcanti,Navassa Island
862,Dra. Beatriz Correia,da Mota da Prata,Samoa
863,Otávio Barbosa,Silveira,Croácia
864,Paulo da Paz,Araújo,Indonésia
865,Marina Novaes,Cardoso,Irlanda
866,Diego Lopes,Lopes do Campo,Navassa Island
867,Joaquim Fernandes,Pires,Andorra
868,Isabelly Santos,Cardoso Verde,Costa do Marfim
869,Luiz Miguel Vieira,da Mota da Prata,Malávi
870,Sra. Caroline Peixoto,Souza das Pedras,Domínica
871,Dr. Gustavo Henrique Duarte,Cardoso de da Paz,França
872,Gustavo da Paz,Cardoso,México
873,Antônio Almeida,Mendes das Pedras,Cabo Verde
874,Lorenzo Barbosa,Silva,Montenegro
875,Dra. Laura Novaes,Carvalho,Gibraltar
876,Dra. Clarice Ribeiro,Nascimento,Tuvalu
877,Pietra Nogueira,Pires de Moura,Usbequistão
878,Kaique Peixoto,Nascimento do Oeste,Iêmen
879,Agatha Rezende,Novaes da Serra,Santa Helena
880,Dr. Samuel Teixeira,Campos do Amparo,Líbano
881,João Lucas Gomes,Peixoto do Sul,Ilhas Salomão
882,Milena Nascimento,Lima do Galho,Suriname
883,Alice Duarte,Moura,Jordânia
884,Ana Clara Barbosa,Nogueira,Malásia
885,Isabel Nogueira,Cunha,Níger
886,Joana Costela,da Rocha,Maldivas
887,Cauê Ribeiro,Caldeira Grande,Venezuela
888,Maysa Peixoto,das Neves,Território Britânico do Oceano Índico
889,Isabel Freitas,Araújo Paulista,Bangladesh
890,Pedro Lucas Almeida,Duarte de Minas,Camarões
891,Isaac Moura,da Paz Verde,Gabão
892,Srta. Clara Silveira,Viana,São Vicente e Granadinas
893,Yuri Ferreira,da Rocha,Guam
894,Guilherme Barbosa,Fogaça,Jibuti
895,Lucas Gabriel Cardoso,Monteiro de Oliveira,Sérvia
896,Dr. Vicente Mendes,Silva,Comores
897,Emanuel Teixeira,da Mata,Ilhas Virgens Britânicas
898,Isabella Duarte,Carvalho do Norte,São Marinho
899,Nicole Fogaça,Azevedo do Sul,Ilhas Virgens Americanas
900,Dr. Bryan da Mata,Cavalcanti do Galho,Dhekelia
901,Dr. Marcelo da Rocha,Melo de da Paz,Hungria
902,Maria Sophia Viana,Cardoso,Austrália
903,Dr. Luiz Gustavo Oliveira,Peixoto de Ramos,Eslovênia
904,Nina Fogaça,Fogaça,Reino Unido
905,Bruna Campos,Cardoso Verde,Arábia Saudita
906,Pietro Carvalho,Mendes de da Luz,Suíça
907,Henrique Cardoso,Lopes,Benim
908,Sra. Ana Julia Nunes,Castro,Gibraltar
909,Erick Silveira,da Luz da Mata,Burundi
910,Isadora Cunha,Peixoto,Rússia
911,Caroline Teixeira,Duarte de Barbosa,Butão
912,Samuel Araújo,Duarte,Macau
913,Maria Fernanda Souza,da Cunha de Silva,Alemanha
914,Olivia das Neves,Teixeira,Ruanda
915,Ana Vitória Martins,Peixoto,Togo
916,João Vitor Pinto,Melo,Croácia
917,Isadora Gonçalves,Souza do Campo,Taiwan
918,Srta. Esther Gomes,Cardoso das Flores,Comores
919,Kamilly Nascimento,Alves,Taiwan
920,Luiz Gustavo Moreira,Teixeira,Vietnam
921,Srta. Ana Julia Mendes,Carvalho,Territórios Austrais Franceses
922,Sabrina Peixoto,da Cruz,Marrocos
923,Dr. Davi Santos,da Mota,Nepal
924,Gabriel da Rosa,da Luz,Lesoto
925,Dr. Bruno Moreira,Azevedo do Sul,Navassa Island
926,Olivia da Luz,Caldeira de Minas,Paquistão
927,Laís Fogaça,Araújo das Flores,Filipinas
928,Isabelly Campos,Gonçalves,Wake Island
929,Joaquim da Rosa,Vieira Paulista,Senegal
930,Vicente Moura,Correia Grande,Peru
931,João Guilherme Rocha,da Luz,Seicheles
932,Sra. Catarina Pinto,Campos,Mônaco
933,Rafael Oliveira,Castro Verde,Timor Leste
934,Caroline Rocha,Santos,Chipre
935,Ana Clara Rezende,Silveira de Correia,Sara Ocidental
936,Manuela Fogaça,Oliveira dos Dourados,República Dominicana
937,Luiz Otávio Fogaça,da Cruz,Finlândia
938,Kamilly Ramos,Nunes,Usbequistão
939,Kevin Lopes,Monteiro de Goiás,Ilhas Salomão
940,Leandro Duarte,Viana,Guernsey
941,Nathan Fogaça,da Mata,Pitcairn
942,Dr. Levi Araújo,Santos Alegre,Guiana
943,Danilo Monteiro,Almeida,Porto Rico
944,Nina Pinto,Rezende dos Dourados,Costa Rica
945,Ana Luiza Cavalcanti,Fernandes,Vaticano
946,João Lucas da Paz,Monteiro,Tailândia
947,Vitória Azevedo,Moreira,Navassa Island
948,Sr. Raul Moreira,Moura,Guatemala
949,Pietro Sales,da Cruz da Praia,Guiné
950,Luigi Barros,Souza de Cavalcanti,Eslovênia
951,Alícia Correia,da Paz das Pedras,Canadá
952,Emanuel Araújo,Silva do Campo,Sri Lanka
953,Srta. Mirella Caldeira,Pinto,Croácia
954,Luiz Henrique Nunes,Cunha da Mata,Guiné
955,Srta. Ana Carolina Peixoto,Caldeira,Mayotte
956,Dr. Raul Azevedo,Azevedo,Gibraltar
957,Pedro da Rocha,Porto,Camarões
958,Vinicius Campos,Farias das Flores,Clipperton Island
959,Beatriz Cunha,Mendes das Pedras,Afeganistão
960,Bruno Azevedo,Nunes da Prata,Haiti
961,Yasmin Souza,Novaes do Amparo,México
962,Vitória Freitas,Rocha,Micronésia
963,Sr. Lorenzo Nunes,Sales Paulista,Antígua e Barbuda
964,Sra. Stephany Souza,Moura das Flores,Ucrânia
965,Maria Vitória da Cruz,Ribeiro Verde,Aruba
966,Luana Almeida,Oliveira dos Dourados,Eslovênia
967,Davi Lucca Cardoso,Moura,Sudão
968,Pietro da Paz,Teixeira,África do Sul
969,Letícia da Luz,da Cruz,Grécia
970,Rafaela da Rosa,Costela,África do Sul
971,Breno Ferreira,Gomes de Nunes,Guiana
972,Davi Lucas Jesus,Silva,Porto Rico
973,Gabriela Pereira,Sales,Papua-Nova Guiné
974,Natália Viana,da Rosa das Pedras,Ilhas Falkland
975,Sr. Luiz Fernando Moraes,Cavalcanti de Dias,Paquistão
976,Igor Melo,Cunha,Portugal
977,Levi Almeida,Nascimento,Argélia
978,Gabriel da Cunha,Porto da Prata,Grécia
979,Sra. Caroline Cavalcanti,da Luz Verde,Dhekelia
980,Rafael da Paz,das Neves das Flores,Coral Sea Islands
981,João Lucas Barros,Mendes de Ferreira,Porto Rico
982,Maria Vitória Barbosa,da Rosa Alegre,Níger
983,Dra. Melissa Viana,da Cruz do Norte,Svalbard e Jan Mayen
984,Vitor Gabriel Moraes,da Mata de Cardoso,Dinamarca
985,Eduarda Mendes,Cavalcanti,"Man, Isle of"
986,Daniela Santos,Ferreira das Flores,Armênia
987,Maria Julia Novaes,Pinto Verde,Quênia
988,Sr. Vitor Rezende,Duarte Verde,Letônia
989,Erick Cardoso,Costela,Reino Unido
990,Julia Ferreira,Cunha de Alves,Honduras
991,Dra. Alícia Costela,Silva,Costa do Marfim
992,Dr. Eduardo Azevedo,Pires do Galho,Niue
993,Pedro Lucas Rezende,das Neves,Timor Leste
994,Catarina Teixeira,Caldeira,Bósnia e Herzegovina
995,Alexia Lopes,Moura,Gabão
996,Sr. Theo Lopes,Pires,Noruega
997,Dr. João Miguel Cardoso,Fogaça da Prata,Burquina Faso
998,Manuela Farias,Moraes,União Europeia
999,Sr. Daniel da Mota,Pereira de da Costa,Anguila
1,Maria Vitória Duarte,Pinto,Benim
2,Maria Vitória Carvalho,Araújo,Barein
3,Vicente Jesus,Santos do Norte,Ilhas Marshall
4,Marcelo Oliveira,das Neves de Lopes,Benim
5,Vinicius Correia,Cardoso,Papua-Nova Guiné
6,Sophie Barbosa,Pires,Nauru
7,Luiz Miguel Pires,Fernandes,Samoa
8,Alana Freitas,Novaes,Finlândia
9,Luiz Gustavo Peixoto,Barbosa,Bulgária
10,Ana Carolina Ribeiro,Silveira,Hungria
11,Mariane Ramos,Barros de Lima,Etiópia
12,Alexia Silveira,Silveira Paulista,Gana
13,Dra. Maria Souza,Dias de Cavalcanti,Nigéria
14,Alice Viana,Dias,Quênia
15,Stephany Ramos,Silveira,Emirados Árabes Unidos
16,Sr. João Pedro Nogueira,Lima de Almeida,Malta
17,Ana Clara Mendes,Cardoso da Prata,Malásia
18,Mariana Nogueira,Cunha,Honduras
19,Leandro Santos,Dias,Ilhas Caiman
20,Eduarda da Cunha,Farias do Amparo,Wallis e Futuna
21,Ana Clara Almeida,Moura,Marrocos
22,Sra. Heloísa Silva,Araújo Grande,Serra Leoa
23,Gabrielly Teixeira,Cavalcanti do Oeste,Tokelau
24,Maria Luiza Jesus,Alves,Estados Unidos
25,Agatha Nascimento,Viana,Botsuana
26,Sr. Vitor Hugo Mendes,da Rocha,Estados Unidos
27,Gabriela da Luz,da Mata,Samoa
28,Fernanda Fogaça,Viana,Ilhas Virgens Americanas
29,Eduardo da Conceição,Castro,Letônia
30,Bruna Fernandes,Carvalho Verde,Guatemala
31,Luiz Fernando Rodrigues,da Costa de Costa,Coreia do Sul
32,Maria Sophia Castro,Rocha,Nigéria
33,Mirella Carvalho,Cardoso do Oeste,Zimbabué
34,Srta. Camila da Conceição,Porto,Ilha do Natal
35,Marina Mendes,Cardoso de Fernandes,Argélia
36,Rodrigo da Paz,Farias da Serra,Armênia
37,Dra. Joana da Cunha,Rocha,"Man, Isle of"
38,André Azevedo,Novaes,Ilhas Virgens Americanas
39,Enrico Gomes,Teixeira,Kuwait
40,Sr. Lucas Gabriel Barros,Sales do Campo,Moldávia
41,Dr. Augusto Silva,Pereira,África do Sul
42,Natália Gonçalves,da Rocha,Suazilândia
43,Sofia da Conceição,das Neves do Campo,Portugal
44,Bianca Mendes,Campos,Togo
45,Gustavo Rezende,Cardoso,Laos
46,Maysa Peixoto,Farias do Oeste,Croácia
47,Luna Almeida,da Mata,Mali
48,João Pedro Moura,Souza,Colômbia
49,Renan Viana,Farias,Nepal
50,Vitor Gabriel Caldeira,Monteiro dos Dourados,Sara Ocidental
51,Luiz Henrique Peixoto,Silveira,Costa Rica
52,Samuel da Conceição,Nunes de Vieira,Turquia
53,Dr. Heitor Pinto,Viana,Congo-Kinshasa
54,Bernardo da Luz,Fogaça,Azerbaijão
55,Benício Fernandes,Correia,Gana
56,Luiz Henrique da Conceição,Silveira da Mata,Micronésia
57,Joaquim Fogaça,Moura,Somália
58,Alana Azevedo,Peixoto da Mata,Indonésia
59,Emanuel Nunes,Correia de Minas,Egito
60,Daniel Oliveira,Santos,Islândia
61,Gabriela Porto,Costela,Coral Sea Islands
62,Lavínia Alves,Cavalcanti,Peru
63,Leonardo Moreira,Correia,Bielorrússia
64,Yuri Silva,Cunha do Sul,Albânia
65,Srta. Alexia Azevedo,Costela Alegre,Canadá
66,Sra. Gabriela Duarte,Barbosa Paulista,Costa do Marfim
67,Vitor da Cruz,Souza,São Pedro e Miquelon
68,Sophia Vieira,Moura de Campos,"Man, Isle of"
69,Vinicius Campos,Rocha,Somália
70,Dra. Bianca Nunes,Cardoso,França
71,Luiz Otávio Nogueira,Oliveira de Azevedo,Paraguai
72,Augusto Oliveira,Dias,Togo
73,Daniela Cavalcanti,Melo,São Cristóvão e Neves
74,Maria Sophia Pires,Nunes das Flores,Coral Sea Islands
75,Kamilly Caldeira,Duarte,Bahamas
76,Davi Lucas Alves,da Rocha,Vaticano
77,Maria Cecília da Luz,Azevedo de Goiás,Quiribáti
78,Luna da Conceição,Oliveira,Malta
79,Cauã Correia,Barbosa,Zâmbia
80,Gustavo Correia,Barbosa,Akrotiri
81,Dra. Emanuelly Carvalho,das Neves de Fernandes,Pitcairn
82,João Felipe Silva,Fernandes de Goiás,Uganda
83,Daniela da Paz,Castro de Santos,Micronésia
84,Sra. Agatha Silveira,Gomes Alegre,Anguila
85,Raquel Cardoso,da Mota,Ashmore and Cartier Islands
86,Anthony Castro,Dias,África do Sul
87,Alice Rezende,Almeida,Letônia
88,Sra. Maria Eduarda da Luz,Rocha do Norte,Vaticano
89,Dra. Nicole Azevedo,da Rocha,Peru
90,Alexia Dias,Campos Verde,Jamaica
91,Kevin Porto,da Mota,Madagáscar
92,João Felipe Vieira,Caldeira Grande,Navassa Island
93,Bárbara Melo,Farias Alegre,Líbano
94,Thales Freitas,Gonçalves do Galho,Malásia
95,Calebe Monteiro,Aragão de Minas,Grécia
96,Rodrigo Oliveira,Costela de da Rocha,Ilha Bouvet
97,Ana da Luz,Oliveira das Flores,União Europeia
98,Sra. Catarina Moraes,Cardoso de Peixoto,Argentina
99,Alice Pinto,Nogueira do Norte,Croácia
100,Bárbara da Luz,Rezende Paulista,República Checa
101,João Aragão,Peixoto de Ramos,Austrália
102,Carlos Eduardo Alves,Oliveira do Sul,Brunei
103,Eloah da Conceição,Rezende,Estados Unidos
104,Dr. Kevin Nogueira,Pinto,República Centro-Africana
105,Nina Silva,Costela,Guam
106,João Guilherme Gomes,Oliveira,Filipinas
107,Samuel Nunes,Barbosa,Porto Rico
108,Sofia Farias,Cardoso do Norte,Libéria
109,Vitor Gabriel Souza,da Mata,Jersey
110,Sr. João Lucas Aragão,Gomes,Roménia
111,Dra. Ana Júlia Rodrigues,Ferreira,Salvador
112,Nicole da Mota,Correia,Jordânia
113,Srta. Natália Silveira,Santos,México
114,Eloah Ferreira,Pires da Mata,Omã
115,Bruno Costela,Oliveira,Bermudas
116,Leonardo Fernandes,Almeida do Norte,Estônia
117,Ana Beatriz Mendes,Cunha da Prata,Guiné
118,Joaquim Campos,Gonçalves da Prata,Lituânia
119,Theo Cavalcanti,Almeida do Norte,Senegal
120,Sr. Pedro Lucas Rodrigues,Silveira,Território Britânico do Oceano Índico
121,Bryan Ribeiro,Araújo,Mongólia
122,Ana Beatriz da Costa,Rocha,Luxemburgo
123,Luigi Melo,Barbosa Grande,Jan Mayen
124,Valentina Melo,Novaes de Minas,Emirados Árabes Unidos
125,Luiz Gustavo Nogueira,Lopes de Barros,Jibuti
126,Maitê da Luz,Nogueira,São Cristóvão e Neves
127,Sr. Leonardo Pires,Carvalho,Namíbia
128,Carlos Eduardo da Conceição,Araújo,Comores
129,Danilo Martins,Jesus,Quiribáti
130,Emanuella Campos,Porto do Norte,Akrotiri
131,Luiz Henrique Correia,Cardoso,Ilhas Virgens Americanas
132,Alice Santos,Monteiro de Goiás,Honduras
133,Maria Clara da Costa,Cardoso de Ferreira,Ilhas Marshall
134,Ian Santos,Almeida,Vietnam
135,Davi Cardoso,Pires do Galho,Tonga
136,Marcos Vinicius Cavalcanti,Silveira,Papua-Nova Guiné
137,Sr. João Pedro Costela,Cardoso,Eslováquia
138,Ana Campos,Araújo de da Luz,Zimbabué
139,Maria Fernanda Cardoso,da Conceição da Prata,Eritreia
140,Antônio Caldeira,Freitas da Mata,Akrotiri
141,Gabriela Barbosa,Cardoso de Goiás,Somália
142,Pedro Henrique da Costa,Gonçalves Paulista,Coral Sea Islands
143,Bernardo Aragão,Pires,Ilha Bouvet
144,Fernando Pinto,Martins do Amparo,Guatemala
145,Rebeca Castro,das Neves,Gana
146,Sr. Luiz Henrique Martins,Gomes do Campo,Bósnia e Herzegovina
147,Nicole Sales,Melo do Campo,Porto Rico
148,Maria Luiza da Rosa,Cunha dos Dourados,Cuba
149,Sofia Ribeiro,Sales,Wallis e Futuna
150,Dra. Giovanna da Mata,Sales,Cuba
151,Sra. Letícia Santos,Duarte do Amparo,Kuwait
152,Maria Vitória Moreira,Lopes,Ashmore and Cartier Islands
153,Luigi Santos,Ribeiro de Fogaça,Micronésia
154,Alexia Novaes,Teixeira Alegre,Nova Zelândia
155,Bruno Nogueira,da Cruz,Turquia
156,Miguel Santos,Melo,Bolívia
157,Natália da Paz,Campos,Costa Rica
158,Paulo Azevedo,Nunes de Minas,Egito
159,Sr. Breno da Rosa,Caldeira do Galho,Libéria
160,Rodrigo Gonçalves,Rodrigues,Iêmen
161,Gabriela Ramos,Viana do Oeste,Argélia
162,Emanuelly Ferreira,Nascimento,Congo-Brazzaville
163,Brenda Cardoso,Gonçalves,Marianas do Norte
164,Bianca da Costa,Farias de Goiás,Suriname
165,Marcelo Lima,Barros de Cardoso,Etiópia
166,Marina da Luz,Freitas,Lesoto
167,Maria Julia Nascimento,Carvalho,Territórios Austrais Franceses
168,Vitória Duarte,Nunes,Zâmbia
169,Olivia Vieira,Teixeira,Taiwan
170,Isis Campos,Barros,Ilhas Caiman
171,Pedro Lucas da Mata,Souza da Prata,Dinamarca
172,Otávio Moraes,Dias,Indonésia
173,Sra. Ana Julia das Neves,Teixeira do Norte,Samoa
174,Catarina Fernandes,Santos,República Dominicana
175,Daniel Cardoso,Moreira,Samoa Americana
176,Juliana Oliveira,Souza de Goiás,Butão
177,Ana Laura da Mata,Barbosa de Goiás,Paquistão
178,Beatriz da Cunha,Martins,Iêmen
179,Amanda Jesus,da Costa,Quênia
180,Leandro Melo,Barros da Serra,Hong Kong
181,Júlia Carvalho,Freitas das Flores,Ilhas Virgens Britânicas
182,Sra. Alice Aragão,Farias,São Vicente e Granadinas
183,Dr. Rafael Fogaça,Teixeira da Praia,Vietnam
184,Gustavo Moura,Lima Paulista,Bermudas
185,Agatha Pires,Caldeira,Lesoto
186,Mirella da Luz,Monteiro,Ilhas Virgens Britânicas
187,Ana Luiza da Mota,Fogaça,Níger
188,Francisco Moura,Souza do Oeste,Santa Helena
189,Nina Nunes,Alves do Galho,Salvador
190,Luiz Fernando Lima,Lopes,Congo-Kinshasa
191,Pietra Pinto,Correia de Souza,Santa Helena
192,Sophia Lima,Moura,Síria
193,Raul Lima,Silveira Paulista,Malta
194,Ryan Cardoso,Oliveira das Pedras,Togo
195,Clarice Pires,Nascimento do Oeste,Papua-Nova Guiné
196,Alexandre Fogaça,Porto do Oeste,Tanzânia
197,Calebe Cavalcanti,Teixeira da Prata,Polinésia Francesa
198,Lara Lima,da Rocha,Guiné
199,Maria Sophia Oliveira,Teixeira da Praia,Andorra
200,Raquel Costa,Dias da Prata,Bermudas
201,Helena Caldeira,Azevedo,Bolívia
202,Samuel Caldeira,Rodrigues de da Mota,Cazaquistão
203,Emanuella da Cruz,Novaes do Norte,Trindade e Tobago
204,Gabriel Costela,Caldeira do Sul,Quênia
205,Antônio Moreira,Fogaça,Chipre
206,Rodrigo Nunes,da Cruz,Chipre
207,Júlia Souza,Martins Grande,Comores
208,Cecília Vieira,Dias,Sri Lanka
209,Sr. João Correia,Porto de Fernandes,Eslováquia
210,Maria Cecília Costela,Porto do Sul,Samoa Americana
211,Yuri Ferreira,Gonçalves de Lima,Lituânia
212,Ana Laura Alves,Vieira,Angola
213,Pedro Henrique Cunha,Cavalcanti,Filipinas
214,Gabriel Cardoso,Alves,Benim
215,Isabella Rocha,Lopes,Seicheles
216,Isabelly Costela,Alves,Costa Rica
217,Catarina Viana,da Rosa da Serra,Trindade e Tobago
218,Sabrina Dias,da Mota de Goiás,Vietnam
219,Luiza Farias,Silva do Oeste,Catar
220,Ana Luiza Lima,Vieira de Porto,Níger
221,Elisa Caldeira,da Rosa do Sul,Cazaquistão
222,Valentina da Mata,Farias de Costa,Ashmore and Cartier Islands
223,Isabella Almeida,Azevedo,Montenegro
224,Sr. Ryan Silveira,Ramos Verde,Nigéria
225,Alice da Rosa,Cardoso da Prata,Tunísia
226,Carolina Moura,da Cunha da Serra,Mônaco
227,Dr. Henrique Lopes,Gonçalves,Colômbia
228,Emanuelly Sales,da Paz do Sul,França
229,Srta. Elisa da Cunha,Fernandes das Pedras,Trindade e Tobago
230,Joaquim da Mata,Oliveira das Pedras,São Cristóvão e Neves
231,Rafaela Nascimento,Cardoso das Flores,Jordânia
232,Alice Castro,Teixeira,Domínica
233,Benício Vieira,da Rosa,Gronelândia
234,Manuela Barros,Ferreira,Ilhas Cook
235,Enrico Oliveira,Castro Paulista,Indonésia
236,Danilo Gonçalves,Cavalcanti da Prata,Iran
237,Thiago Nunes,Novaes,Bulgária
238,Eloah Lima,da Paz,Argentina
239,João Miguel Monteiro,da Costa do Campo,Sri Lanka
240,Pedro Lucas Castro,Cunha Verde,Moldávia
241,Heitor Freitas,Pereira da Serra,Rússia
242,Sabrina Cunha,Costela,Eritreia
243,Pedro Lucas Ramos,Farias da Mata,Costa Rica
244,Luiza Dias,da Mota do Campo,Cabo Verde
245,Thales Sales,Cardoso Grande,União Europeia
246,Vitor Gabriel Barbosa,da Luz de Barbosa,Birmânia
247,Raul Azevedo,Nascimento,Jordânia
248,Maysa Azevedo,da Paz do Oeste,São Tomé e Príncipe
249,Lucca Costela,Nascimento,Guiana
250,Ian Correia,Mendes,Uruguai
251,Gustavo Lima,Duarte da Prata,Benim
252,Daniel Viana,Mendes de da Rocha,Moçambique
253,Manuela Fogaça,Ramos dos Dourados,Porto Rico
254,Sr. Marcelo da Rosa,Ferreira da Prata,Senegal
255,Srta. Lavínia Campos,Ramos,Zimbabué
256,Breno Jesus,Rezende,Tanzânia
257,Diego Pires,Ribeiro de da Mata,Cuba
258,Gabriel Teixeira,Duarte,São Marinho
259,Gustavo Henrique Alves,Moura,Belize
260,Luiz Henrique Barros,da Luz,Palau
261,Sra. Melissa Vieira,Melo Paulista,Ilha Norfolk
262,Larissa Lima,da Mata,Paquistão
263,Elisa Alves,Lima de Rodrigues,"Man, Isle of"
264,Cauã Ferreira,Rocha,Territórios Austrais Franceses
265,Letícia Silva,da Mata,Congo-Kinshasa
266,Ana Júlia Farias,Gomes,Coreia do Norte
267,Kevin Cavalcanti,Jesus,Monserrate
268,Amanda Costa,Cardoso da Serra,Islândia
269,Vicente Ramos,Castro,Iran
270,Lívia Farias,Gomes da Mata,Somália
271,Amanda Mendes,Pinto do Norte,Arábia Saudita
272,João Lucas Lima,Barbosa do Galho,São Vicente e Granadinas
273,Pedro Lucas Costela,Nascimento da Praia,São Marinho
274,Marina Novaes,Fogaça Paulista,Colômbia
275,Cauã Costa,Gomes,Antártica
276,Rebeca Novaes,da Luz do Sul,Bulgária
277,Srta. Joana Cardoso,Porto Verde,Paraguai
278,Ana Clara Mendes,da Cruz,Mongólia
279,Maria Julia Oliveira,Farias,Bielorrússia
280,Raquel Nunes,Rocha do Sul,Dhekelia
281,Luiz Otávio Teixeira,Moraes Alegre,Finlândia
282,Emanuel da Conceição,Moreira dos Dourados,Israel
283,Davi Lucas Mendes,Cardoso,Peru
284,Dra. Alice Barros,Cunha,Ilhas Cook
285,Alexandre Caldeira,Rodrigues do Galho,Coreia do Norte
286,Maria Fernanda da Mata,Vieira Verde,Guatemala
287,Dra. Maria Cecília Nunes,Caldeira Grande,Arábia Saudita
288,Natália Rocha,Castro das Pedras,São Vicente e Granadinas
289,Giovanna Peixoto,Oliveira,Uruguai
290,Ana Lívia Silva,Campos de da Luz,Guiné Equatorial
291,Emanuel Farias,Pinto,Liechtenstein
292,Kevin Alves,Nunes,Quirguizistão
293,Ian Viana,Dias Alegre,Canadá
294,Luna Rodrigues,Costa Paulista,Honduras
295,Vitor Hugo Pires,Correia de Goiás,Namíbia
296,Sr. Benjamin Barbosa,Novaes de Oliveira,Nauru
297,Henrique da Cruz,Peixoto do Oeste,Níger
298,Marcela Moreira,da Luz,Domínica
299,Vitor Gabriel Cardoso,da Conceição do Sul,Tuvalu
300,Isis Novaes,Pereira,Gronelândia
301,Melissa Pinto,Lima,Niue
302,Joaquim Mendes,Araújo Paulista,Grécia
303,Ana Vitória Pereira,Lima,Navassa Island
304,Leandro da Cruz,Cunha,Moçambique
305,Davi Lucca Campos,Duarte do Sul,Zâmbia
306,Sophia Moreira,da Luz de Viana,Belize
307,Isadora Fernandes,Oliveira de Cardoso,Bolívia
308,Julia Moraes,Campos de Santos,Samoa Americana
309,Vinicius Porto,Costa,Barbados
310,Diogo Lima,Pinto Alegre,Malásia
311,Isabelly Lopes,Sales,Mônaco
312,Enzo Gabriel Gomes,Jesus,São Cristóvão e Neves
313,Maria Vitória Silveira,Teixeira,Benim
314,Isaac Fogaça,Melo,Ucrânia
315,Thales Novaes,Martins de da Paz,Canadá
316,Eduarda da Mota,Ramos das Flores,Congo-Kinshasa
317,Dr. Leonardo Souza,Vieira Paulista,Belize
318,Ana Vitória Barros,Cardoso de Duarte,Wallis e Futuna
319,Isabel Campos,Santos,Espanha
320,Calebe Martins,Melo,Turquemenistão
321,Lavínia Dias,Pires de Minas,Usbequistão
322,Gustavo Novaes,Dias de Jesus,Moçambique
323,Isadora Pinto,Nascimento Alegre,Macedônia
324,Calebe Sales,Caldeira de Minas,União Europeia
325,Ana Julia da Mota,Sales,Costa Rica
326,Heloísa Ramos,da Luz,Jibuti
327,Ana Carolina Ramos,Fogaça,Porto Rico
328,Amanda Fernandes,da Rocha da Prata,Jibuti
329,Giovanna Barbosa,Mendes,Moldávia
330,Rafaela Peixoto,Barros da Prata,Wake Island
331,Bruno Oliveira,Costela,Ilhas Caiman
332,Breno Cardoso,Melo,Coral Sea Islands
333,Danilo Mendes,Costela da Mata,Mauritânia
334,Srta. Stella Fernandes,Caldeira,Navassa Island
335,Guilherme Souza,Campos,Países Baixos
336,André Nogueira,da Paz da Praia,Panamá
337,Vinicius da Costa,Vieira Alegre,Bangladesh
338,Catarina Lima,da Conceição da Mata,Dhekelia
339,Mariana Lima,Moura,México
340,Sr. Arthur da Rocha,Santos,Haiti
341,Dr. Lucas Almeida,da Mota,Polônia
342,Maria Eduarda Silveira,Martins das Flores,Macedônia
343,Srta. Marcela Fogaça,Barros de Viana,Afeganistão
344,Giovanna Duarte,Costa do Amparo,Serra Leoa
345,Srta. Fernanda Almeida,Novaes do Amparo,Butão
346,Theo Teixeira,da Luz de Dias,Zimbabué
347,Kevin Lima,Fernandes dos Dourados,Salvador
348,Augusto Melo,Lopes,Coreia do Norte
349,Nicole Moraes,Cavalcanti,Zâmbia
350,Yuri da Conceição,Santos de Rezende,Niue
351,Luna Moura,Sales,Dhekelia
352,Dr. Vitor Hugo Rodrigues,Castro,Zimbabué
353,Srta. Nina Cavalcanti,Cavalcanti,Equador
354,Srta. Isabella Mendes,Monteiro,Hungria
355,Danilo Pinto,da Luz,Islândia
356,Gabriela Azevedo,Cunha,Timor Leste
357,Fernando Pinto,Ribeiro,Guiné-Bissau
358,Davi Nascimento,Costa,Serra Leoa
359,Rafaela da Mota,Rezende do Sul,Japão
360,Otávio Nogueira,Melo,México
361,Dra. Isabelly Rocha,Cunha Alegre,Jibuti
362,Júlia Peixoto,Campos de Ramos,Seicheles
363,Sr. Pedro Novaes,Freitas dos Dourados,Senegal
364,Alexandre Duarte,Pires do Norte,Iêmen
365,Benjamin da Conceição,da Cruz Alegre,Etiópia
366,Dr. Murilo Campos,Santos,Costa Rica
367,Pedro Lucas da Conceição,Caldeira do Sul,Togo
368,Raul Rezende,Nascimento,São Marinho
369,Bianca Teixeira,Costa,Macau
370,Rafaela Duarte,Costa do Oeste,China
371,Luana Cardoso,Melo de Pires,Guiné
372,Breno Dias,Monteiro Verde,Namíbia
373,Sofia Rodrigues,Nogueira das Pedras,Croácia
374,Dra. Stephany Melo,Cardoso das Pedras,Chade
375,Guilherme da Cunha,Rezende do Sul,Mali
376,Kaique Lima,da Cunha do Galho,Mônaco
377,Camila Nogueira,Carvalho,Benim
378,Lorenzo Monteiro,Barbosa Alegre,Maldivas
379,Heloísa Peixoto,Castro do Oeste,Líbia
380,Ana Júlia da Mota,Farias,Wallis e Futuna
381,Raul Ramos,Melo,Cuba
382,Melissa Cardoso,da Paz Paulista,Roménia
383,Thiago Carvalho,Fernandes Grande,Ilhas Salomão
384,Agatha Cardoso,da Mata,Antilhas Holandesas
385,Srta. Maria Luiza Oliveira,Teixeira,Ilhas Virgens Americanas
386,Juliana Fernandes,Almeida do Norte,Mali
387,Fernanda das Neves,Lopes,Jibuti
388,Maria Alice Fernandes,Mendes,Honduras
389,Helena da Luz,Cavalcanti das Pedras,Uruguai
390,Emanuel Silva,Peixoto,Monserrate
391,Vitor Hugo Fogaça,Ribeiro,Austrália
392,Vicente Cunha,Moreira de Azevedo,Wake Island
393,Guilherme Costa,Ramos de Rocha,Laos
394,Dr. Paulo da Mota,da Luz,Omã
395,Felipe Fernandes,Azevedo do Galho,São Pedro e Miquelon
396,Maria Alice da Paz,Moreira do Galho,Tokelau
397,Dr. João Vitor Freitas,da Cruz,Sri Lanka
398,Dr. Breno Correia,Cardoso de Goiás,Usbequistão
399,Levi Viana,Cavalcanti,Moçambique
400,Joaquim Costa,Lima de Duarte,Wake Island
401,Dr. Luiz Miguel Lopes,Cardoso de da Mata,Eritreia
402,Caroline da Costa,Ramos,Níger
403,Carolina Mendes,Rodrigues de Goiás,Domínica
404,Luiz Otávio Ribeiro,Campos de Rodrigues,Santa Lúcia
405,João Pedro da Cruz,Azevedo,Svalbard e Jan Mayen
406,Mariana Lima,Silva,Ilha Norfolk
407,João Lucas Silva,Silveira,Usbequistão
408,Vitor Hugo Costa,Ferreira,Peru
409,Igor Cavalcanti,Silva Paulista,França
410,Gabrielly Silva,Caldeira Paulista,Chipre
411,Enzo Freitas,Porto de Lima,Libéria
412,Joaquim Moreira,Carvalho,Costa do Marfim
413,Miguel Cunha,Porto de Goiás,Marrocos
414,Júlia Pereira,Pires da Prata,Samoa Americana
415,Sr. Ian Carvalho,da Cunha do Galho,Filipinas
416,Sra. Emanuella da Conceição,Moreira da Serra,Suazilândia
417,Isabella Souza,Silva de Araújo,Países Baixos
418,Luiz Fernando Fogaça,Teixeira Alegre,Croácia
419,João Vitor Silveira,Santos,Egito
420,Nathan Almeida,da Mata,Vietnam
421,Sr. Raul Viana,Aragão,Palau
422,Miguel Correia,da Luz,Irlanda
423,Daniela Costela,Costa de Fogaça,União Europeia
424,Sr. Pedro Miguel Souza,Alves,Austrália
425,Heloísa Lopes,da Mata,Espanha
426,Maria Moura,Porto,Benim
427,Letícia Porto,da Cunha de Sales,Montenegro
428,Nina Cavalcanti,Lopes de Lima,Mayotte
429,Sr. André Novaes,Silva,República Checa
430,Mariane da Costa,Azevedo,Congo-Kinshasa
431,Maria Sophia Rocha,Rocha do Oeste,Brasil
432,Francisco Lopes,Pinto,Cuba
433,Leandro Rocha,da Mota,Armênia
434,Sr. Luiz Henrique Duarte,Caldeira,Maurícia
435,Luana Moraes,da Mata do Galho,Áustria
436,Gabriela das Neves,Oliveira de Goiás,Canadá
437,Agatha Novaes,da Cruz,Antígua e Barbuda
438,Ana Carolina da Costa,Gonçalves,Santa Lúcia
439,Vitor Gabriel Nascimento,Freitas,Antilhas Holandesas
440,Lara Fogaça,Novaes das Flores,Quênia
441,Thomas da Rocha,Lopes,Croácia
442,Pedro Miguel Aragão,Mendes,Líbia
443,Luana Souza,Gomes,Antártica
444,Maria Cecília da Mata,Ramos de Cardoso,Cazaquistão
445,Dr. Enzo Almeida,Cavalcanti das Pedras,Coreia do Sul
446,Lara Nunes,Santos,Coreia do Sul
447,Sr. Breno Aragão,Caldeira Alegre,Mônaco
448,Benício Costa,Rocha de Barros,Hong Kong
449,Dr. Benjamin Viana,da Cunha,Barein
450,Alana Ramos,Cavalcanti,Cuba
451,Davi Luiz Alves,Pires,Nepal
452,Isabel Souza,Martins,Bélgica
453,Erick Dias,Gomes,Turquia
454,Enzo Gabriel Viana,Barros,Ilha Norfolk
455,Larissa da Cruz,Jesus de Minas,Peru
456,Dr. Davi Lucas Gomes,Duarte de Oliveira,República Dominicana
457,Juan Gonçalves,Costa das Pedras,Ilhas Virgens Americanas
458,Gustavo Ramos,Alves,São Tomé e Príncipe
459,Maria Clara da Luz,Moreira,São Cristóvão e Neves
460,Dra. Nina Farias,Gomes,Espanha
461,João Felipe Nunes,Alves,Coral Sea Islands
462,Isis Costela,Rezende,Indonésia
463,Marina Santos,Nogueira Grande,Cuba
464,Vitor Teixeira,Gomes do Amparo,Dhekelia
465,Sofia da Paz,Souza do Campo,Jamaica
466,Raquel Alves,da Luz,Senegal
467,Raquel Nogueira,Cavalcanti de das Neves,Macau
468,Thales Silva,Correia de Cardoso,Equador
469,Sr. Pietro da Mota,Azevedo,Camboja
470,Esther Silveira,Caldeira,Ilhas Caiman
471,Paulo Rocha,da Luz,Luxemburgo
472,João Gabriel Silva,Campos,Mônaco
473,Júlia Pinto,Rezende de da Rosa,Marrocos
474,Alexia Araújo,Costa,Antártica
475,Davi Azevedo,Moraes,Guam
476,Ana Clara Alves,Castro do Sul,Pitcairn
477,Sr. Luiz Miguel da Cruz,Araújo da Prata,Granada
478,Dra. Raquel Gomes,da Cunha Verde,Gana
479,Gabriel Mendes,Mendes,Ilha Norfolk
480,Sabrina Moreira,Moraes de Cavalcanti,Turquia
481,Dra. Bárbara Rezende,Moura,Alemanha
482,Stella Ramos,Moraes,Samoa
483,Rodrigo da Paz,Vieira,Egito
484,Lavínia Gomes,Farias da Serra,Barein
485,Milena Duarte,Duarte,República Centro-Africana
486,Srta. Ana Julia Pereira,Almeida do Galho,São Pedro e Miquelon
487,Thomas da Rosa,Almeida,Paracel Islands
488,Gabrielly Cardoso,Oliveira da Mata,Salvador
489,André Silva,Moura de Mendes,Congo-Kinshasa
490,Maria Alice Gomes,Campos de Minas,Malásia
491,Cecília Moura,Araújo da Serra,Chade
492,Bianca Melo,Lima,Suécia
493,Calebe Souza,Pinto,Moldávia
494,Luigi Melo,Silva,Clipperton Island
495,João Rodrigues,Oliveira Paulista,Zimbabué
496,Sr. João Gabriel Barbosa,Duarte da Mata,Tunísia
497,Felipe Teixeira,da Cruz das Flores,Líbia
498,Lorenzo da Rosa,Moura,Ilha Norfolk
499,Thales Melo,da Paz do Amparo,Sara Ocidental
500,Elisa da Conceição,Silveira,Malásia
501,Luiz Fernando Dias,da Cruz da Prata,Estônia
502,Dr. Pedro Jesus,Correia,República Checa
503,Diogo Barbosa,Aragão das Flores,Cuba
504,Murilo Jesus,Santos,Ilha Norfolk
505,Dra. Maria Sophia Azevedo,Alves,Indonésia
506,Natália Costa,Gomes Verde,Akrotiri
507,Lavínia Costela,da Rocha,Dinamarca
508,Amanda Nunes,da Cunha Verde,Monserrate
509,Marcos Vinicius Costa,Aragão,Noruega
510,Pedro Lucas da Rocha,Martins do Campo,Navassa Island
511,Dra. Júlia Carvalho,Freitas do Oeste,Zimbabué
512,Milena Melo,Sales,Jibuti
513,Maria Julia Teixeira,Barros,Vaticano
514,Pietro Gomes,Aragão,Fiji
515,Luiza Viana,Campos de Fernandes,Granada
516,Alana Alves,da Conceição,Arábia Saudita
517,Raul Cunha,Duarte do Norte,Macedônia
518,Luiza Silveira,da Cunha,Guiné-Bissau
519,Cauã Lopes,Nascimento,Dinamarca
520,Vinicius Mendes,Correia de Moreira,Território Britânico do Oceano Índico
521,Dra. Emilly Lopes,Cardoso do Campo,Suazilândia
522,Luiz Otávio Fernandes,Campos,Uganda
523,Júlia da Conceição,Vieira,Croácia
524,Dra. Alana Caldeira,Moura de Goiás,Paquistão
525,Vicente Carvalho,Rocha,Mali
526,João Gabriel Ramos,Pereira,Sérvia
527,Sra. Catarina Alves,Correia do Galho,Guiné Equatorial
528,Yago Oliveira,da Mota de Nunes,Sri Lanka
529,Camila das Neves,Caldeira Alegre,Monserrate
530,Catarina Sales,Peixoto da Mata,Mônaco
531,Maria Lopes,Gonçalves de Goiás,Wake Island
532,Dr. Isaac Pires,Jesus,Libéria
533,João Guilherme Barros,Castro,Ruanda
534,Amanda Monteiro,Santos da Prata,Guam
535,Laís Pinto,Alves de Nogueira,Barein
536,Vitor Gabriel Rezende,Azevedo da Mata,Uganda
537,Alícia Dias,da Cunha de Gonçalves,Mônaco
538,Dra. Emilly Almeida,Moraes,Malta
539,Maria Fernanda da Mota,Alves,Monserrate
540,Levi Souza,Souza,Belize
541,Isis Campos,Costa,Micronésia
542,Srta. Sophie Oliveira,Jesus,Anguila
543,João Gabriel da Luz,Souza,Eritreia
544,Thales da Mata,Moraes,Granada
545,Sr. Cauã Peixoto,Monteiro,Ilha do Natal
546,Marcelo Campos,Ferreira do Norte,Tuvalu
547,Luiz Fernando Rezende,Cardoso de Sales,Jordânia
548,Sra. Emanuelly Moreira,Pires,São Marinho
549,André Dias,Farias da Mata,Nova Caledónia
550,Luna Alves,Moraes,Seicheles
551,Guilherme Duarte,Cardoso,Bermudas
552,Gustavo Azevedo,Fernandes do Norte,Salvador
553,João Pedro Silveira,Castro,Macau
554,Maria Fernanda Monteiro,Pereira do Norte,Cazaquistão
555,Kaique Souza,Rodrigues,Alemanha
556,Levi Martins,Moreira do Oeste,Palau
557,Pietro Ramos,Souza,Índia
558,Pedro Miguel Ribeiro,Silva do Norte,Dhekelia
559,Ana Carolina Viana,Nunes Grande,Etiópia
560,Nicole Porto,Jesus das Pedras,Sri Lanka
561,Ana Vitória Almeida,da Rocha de Araújo,Território Britânico do Oceano Índico
562,Srta. Cecília Viana,Cardoso do Oeste,Nicarágua
563,Dra. Evelyn Viana,Santos,Maurícia
564,Arthur Nunes,Farias do Amparo,Territórios Austrais Franceses
565,Enzo Gabriel Viana,Mendes,Montenegro
566,Caio Ferreira,Pereira,Costa do Marfim
567,Alexandre Lopes,Rodrigues da Mata,Estados Unidos
568,Francisco Barbosa,Viana das Flores,Turquemenistão
569,Alice Pereira,Fernandes de da Rocha,Alemanha
570,Luiz Henrique Rodrigues,Freitas,Áustria
571,Gustavo Moreira,Freitas,Madagáscar
572,Caio Aragão,Monteiro,Samoa
573,Ana Julia Rodrigues,Carvalho da Mata,Azerbaijão
574,Davi Luiz da Luz,Castro,Polônia
575,Sra. Maria Clara da Luz,Aragão do Norte,Mayotte
576,Danilo da Conceição,Cardoso das Pedras,São Tomé e Príncipe
577,Rafaela Almeida,Farias do Amparo,Salvador
578,Srta. Ana Beatriz Carvalho,Azevedo da Mata,Ilha Norfolk
579,Elisa Peixoto,da Rosa do Campo,Bélgica
580,Larissa Almeida,Carvalho,Argentina
581,Davi Lucca Nunes,Farias,Ilhas Caiman
582,Sra. Maysa Ferreira,Nogueira,Etiópia
583,Isadora Santos,Souza de Moreira,União Europeia
584,Rodrigo Mendes,da Rosa,Tokelau
585,Maria Vitória Vieira,Nascimento,Ilhas Heard e McDonald
586,Helena Souza,Lopes do Oeste,Lesoto
587,Ana Luiza da Cruz,Moura,Austrália
588,Isaac Ramos,Costa,Jordânia
589,Eloah da Mota,Correia da Praia,Gabão
590,Thomas Araújo,Nascimento,Tunísia
591,João Felipe Rezende,Pinto da Serra,Somália
592,Isaac Moraes,Moraes,Clipperton Island
593,Sra. Lorena Monteiro,Melo,Macau
594,Samuel Novaes,da Paz,Bulgária
595,Lucas Gabriel Barbosa,da Cruz,Bahamas
596,Maria Sophia Barbosa,Fogaça Paulista,Ilhas Heard e McDonald
597,Luigi Silva,Jesus Paulista,Hong Kong
598,Olivia Duarte,Nogueira Alegre,Arábia Saudita
599,Emanuelly Ramos,Melo,Cabo Verde
600,Ana Martins,Cardoso,Sérvia
601,Laís Martins,Moraes Verde,Uganda
602,Ana Clara Gonçalves,Martins da Prata,Timor Leste
603,Igor Cardoso,Carvalho Verde,Bangladesh
604,João Lucas Cunha,Mendes da Mata,Noruega
605,Maria Alice Moreira,Costa de Cunha,Anguila
606,Emilly da Conceição,Cardoso,Malásia
607,Maria Julia Sales,Sales dos Dourados,Ilhas Virgens Americanas
608,Sra. Ana Carolina Pinto,Vieira do Sul,Eritreia
609,Vinicius Castro,Gonçalves do Amparo,Honduras
610,Ana da Mota,Monteiro de Porto,Bahamas
611,Maria Sophia Fogaça,Moura,África do Sul
612,Srta. Marina Costela,Silveira,Ilhas Virgens Britânicas
613,Elisa Cunha,Azevedo,Ashmore and Cartier Islands
614,Felipe Cardoso,Moreira Grande,Dinamarca
615,Luana Lima,Cardoso de Caldeira,República Centro-Africana
616,Sr. Heitor Ramos,Aragão do Campo,Birmânia
617,Sra. Milena Souza,Ribeiro de Goiás,Ilha Norfolk
618,Luana Gomes,Gomes das Pedras,Nigéria
619,Diogo Carvalho,Campos,Moçambique
620,Maria Vitória da Luz,Azevedo,Santa Lúcia
621,Theo Rodrigues,Gomes,Rússia
622,Alana Mendes,Cardoso,Reino Unido
623,Lavínia Alves,Ferreira de Porto,Laos
624,Dr. André Martins,Porto Grande,Suriname
625,Srta. Marina Moreira,da Rocha da Praia,Aruba
626,Lucas Teixeira,da Costa,Ilhas Heard e McDonald
627,Pedro Miguel Lopes,Silva da Serra,Wake Island
628,Ana Vitória Gomes,Santos dos Dourados,Fiji
629,Letícia Freitas,Alves de Freitas,Trindade e Tobago
630,Sra. Stephany Aragão,Correia de Moura,Geórgia
631,Valentina Correia,Souza,Ruanda
632,Daniela Duarte,Araújo do Galho,Andorra
633,Caio Pires,Farias,Gana
634,Dra. Bárbara das Neves,Nogueira de Minas,Angola
635,Stephany Almeida,Nascimento,Zâmbia
636,Bruno Cunha,Almeida,Nauru
637,Rebeca Mendes,Rocha,Arábia Saudita
638,Leonardo Cavalcanti,Moraes,Brunei
639,Diego da Mata,Peixoto do Sul,Canadá
640,Lavínia Gomes,Gonçalves,Samoa Americana
641,João Guilherme Pereira,da Mota,Sara Ocidental
642,Lavínia da Paz,Ferreira da Serra,Bolívia
643,Carlos Eduardo Sales,Moreira,Brasil
644,Dr. Caio Ferreira,Moreira do Sul,Suriname
645,Caroline Souza,Duarte Verde,Andorra
646,Emanuelly da Mata,Melo,Coreia do Norte
647,Pietro Cunha,da Rocha Alegre,Burquina Faso
648,Igor da Rosa,Ramos Grande,Guam
649,Danilo Cardoso,Costela de Souza,Somália
650,Gabrielly Campos,da Conceição,Iraque
651,Ana Clara da Mata,da Costa,Gâmbia
652,Ian Gonçalves,da Paz de Goiás,Trindade e Tobago
653,Helena Melo,Rocha,Nauru
654,Isaac Souza,Aragão,Serra Leoa
655,Dr. Thiago Gomes,Oliveira,Polônia
656,Daniel Barbosa,da Paz de Goiás,Marianas do Norte
657,Alexandre Oliveira,Nogueira,Etiópia
658,Isabelly Gomes,Novaes,Montenegro
659,Fernanda Jesus,Duarte Paulista,Kuwait
660,Sabrina das Neves,Monteiro,Níger
661,Bruno Lopes,Oliveira da Praia,Fiji
662,Larissa das Neves,da Paz do Norte,Belize
663,Cauê da Costa,Nogueira das Pedras,Áustria
664,Gabrielly Cavalcanti,Rezende Alegre,Alemanha
665,Ana Carolina da Paz,Farias de Costa,Usbequistão
666,João Lucas da Cunha,Teixeira,Andorra
667,Pedro Lucas Silveira,Viana da Praia,Haiti
668,André Cavalcanti,Pinto de Goiás,Luxemburgo
669,Nathan da Rocha,Farias do Oeste,Hungria
670,Nina Ferreira,Fogaça do Oeste,Armênia
671,Helena Cavalcanti,Monteiro do Sul,Hungria
672,Rafaela Pinto,Moreira da Prata,Chile
673,Sra. Marina Barbosa,Cavalcanti,Malásia
674,Caio Viana,Silveira,Equador
675,Sr. Thiago da Cruz,da Mota,Guiné
676,Olivia Porto,da Conceição do Campo,Quênia
677,Lavínia Duarte,Moura,Geórgia
678,Isis das Neves,Costela,Bahamas
679,Paulo Souza,Azevedo,Nova Zelândia
680,André da Rocha,Rodrigues de Goiás,Iran
681,Heloísa Lopes,Jesus da Praia,Taiwan
682,Maria Cecília Carvalho,Cavalcanti,Sérvia
683,Marina da Mota,Melo do Campo,Malásia
684,Ana Júlia Cardoso,da Paz,Marianas do Norte
685,Enzo da Conceição,da Mota de Pereira,Bahamas
686,Pedro Henrique Fogaça,Dias,Venezuela
687,Ana Luiza Araújo,da Rocha,Dhekelia
688,Fernanda Mendes,Peixoto da Prata,Bolívia
689,Luiz Fernando Rocha,Pires,Índia
690,Luana Araújo,Rocha,Wake Island
691,Sr. Kevin Moura,da Conceição,Indonésia
692,João Pedro Farias,Azevedo dos Dourados,Itália
693,Amanda Pinto,Almeida,Andorra
694,Cauê Ferreira,Oliveira do Amparo,México
695,Kamilly Gonçalves,Rocha da Serra,Nauru
696,Caio Lopes,Nascimento da Prata,Porto Rico
697,Gabriel Farias,Moreira de Mendes,Estados Unidos
698,Maria Julia da Luz,Moura da Mata,Maldivas
699,Lorena Moraes,Barros de Almeida,Guiana
700,Dr. Erick Nunes,Moreira do Sul,Quirguizistão
701,Isaac da Mota,Ferreira,Letônia
702,Eduarda Cunha,Carvalho Verde,Niue
703,Daniel Araújo,Pinto Verde,Uganda
704,Sra. Joana da Cunha,Rocha,Jamaica
705,Luiz Fernando da Rosa,Cardoso das Flores,Birmânia
706,Brenda Freitas,Peixoto,Belize
707,Juan da Luz,Teixeira,União Europeia
708,Camila da Mota,Peixoto,Taiwan
709,Noah Azevedo,Almeida do Galho,Emirados Árabes Unidos
710,Pietra Almeida,Lopes,Jan Mayen
711,Dr. Miguel Ferreira,da Rosa de Cunha,Síria
712,Maria Clara Silva,Pereira de da Rocha,Micronésia
713,Sr. Pedro Miguel Souza,Cunha,Nova Zelândia
714,Maria Fernanda Ferreira,Fernandes Verde,Ilhas Virgens Americanas
715,Valentina Farias,Farias de Mendes,Polinésia Francesa
716,Sra. Maria Vitória das Neves,Barbosa do Norte,Eslovênia
717,Ana Luiza Ribeiro,Gonçalves dos Dourados,Nicarágua
718,Valentina Aragão,Martins das Pedras,Etiópia
719,João Felipe Dias,Martins,Santa Lúcia
720,Otávio Rodrigues,Caldeira dos Dourados,Armênia
721,Lívia da Mota,Cardoso das Flores,Paquistão
722,Guilherme da Conceição,Cunha de da Rosa,Afeganistão
723,Dr. João Lucas Pires,Gonçalves da Prata,São Tomé e Príncipe
724,Thiago Fernandes,da Rocha da Mata,Bulgária
725,Alana Nunes,Lima,Brunei
726,Sofia Ribeiro,da Cruz da Prata,Sudão
727,Dra. Kamilly Barbosa,Porto,São Pedro e Miquelon
728,Ana Lívia da Costa,Silveira,Granada
729,Bianca Sales,Nascimento Alegre,Anguila
730,Ana Laura Silveira,Melo,Madagáscar
731,Ana Sophia Correia,Pereira da Serra,Omã
732,Nina Farias,Correia,Nova Zelândia
733,Sr. Lorenzo Barros,Alves,Suazilândia
734,Felipe Lima,Jesus de Sales,Namíbia
735,Lívia Almeida,Fernandes,Gâmbia
736,Erick Peixoto,Nascimento do Sul,Tanzânia
737,Dra. Kamilly Teixeira,Ribeiro de Barbosa,Camboja
738,Vinicius Pires,Martins,Jibuti
739,Matheus Melo,da Costa,Monserrate
740,Gabrielly Moura,Gomes,Samoa
741,Noah Pereira,Moreira,Coreia do Sul
742,Yago Nascimento,Santos de Carvalho,Mayotte
743,Agatha Cardoso,Oliveira,Suriname
744,Pietro Costa,Dias do Campo,Chipre
745,Luana Mendes,Freitas de Pinto,República Dominicana
746,Eduarda Fogaça,Jesus,República Dominicana
747,Elisa Ferreira,Campos,Chipre
748,Ana Laura das Neves,Dias de Costela,Jibuti
749,Emanuel Rodrigues,da Cunha de Mendes,Honduras
750,Marina Farias,Nascimento,Kuwait
751,Maria Clara Rocha,Moreira da Praia,Benim
752,Yuri Aragão,Martins,Kuwait
753,Luigi Pereira,Campos,Santa Lúcia
754,Henrique Barbosa,Cardoso,Macau
755,João Felipe da Mata,Silveira do Amparo,Dhekelia
756,Benício Lopes,Silveira,Maurícia
757,Igor Fernandes,Santos de Jesus,Tonga
758,Dr. Yago Melo,Ramos de Santos,Líbia
759,Dr. Luiz Miguel Rodrigues,Barros de Minas,Seicheles
760,Sr. Nicolas Oliveira,Novaes,Espanha
761,Sr. Lucas Cunha,da Conceição,Benim
762,Dr. Pedro Lucas Pires,Rodrigues de Minas,Jersey
763,Isis Porto,Ribeiro,Nicarágua
764,Isabella Cardoso,Cardoso,Faroé
765,Sra. Mariane da Cunha,Melo dos Dourados,Domínica
766,Ryan Melo,Oliveira,Islândia
767,Emanuel Fernandes,Ribeiro,Santa Lúcia
768,Srta. Ana Carolina das Neves,Rezende da Mata,São Marinho
769,Juliana Nogueira,Costela da Prata,Tuvalu
770,Fernanda Pires,Araújo,Seicheles
771,João Lucas Teixeira,Silveira das Pedras,Cuba
772,Gabriela Gonçalves,das Neves,Letônia
773,João Teixeira,da Cruz dos Dourados,Micronésia
774,Samuel Teixeira,Vieira de Minas,Sara Ocidental
775,Kevin Peixoto,Teixeira,Navassa Island
776,Ryan Rocha,da Rocha do Oeste,Roménia
777,Dr. Luiz Henrique Cardoso,Santos da Praia,Aruba
778,Lavínia Porto,Campos de da Rocha,Líbia
779,Miguel Peixoto,Cardoso da Praia,São Tomé e Príncipe
780,Vitor Hugo Correia,Oliveira de Costa,Costa Rica
781,Lucas Rezende,Costela das Pedras,Alemanha
782,Enrico Rocha,Santos,Tokelau
783,Carlos Eduardo Moreira,da Costa,Navassa Island
784,Felipe Azevedo,Souza Verde,Jamaica
785,Mirella Nogueira,Araújo do Norte,Ilhas Marshall
786,Lorenzo Mendes,Oliveira,Sérvia
787,Kaique Ribeiro,Costa da Praia,Guatemala
788,Ana Sophia Pinto,Vieira,Letônia
789,André Farias,Caldeira Grande,Venezuela
790,Caroline da Cruz,das Neves,Svalbard e Jan Mayen
791,Pedro Henrique da Mota,Duarte,Bahamas
792,Maria Eduarda Peixoto,da Mata da Prata,Estados Unidos
793,Erick Barros,Fogaça do Norte,Costa do Marfim
794,Isabella Porto,Azevedo,Guiné Equatorial
795,Igor Melo,Cavalcanti,Antígua e Barbuda
796,João Felipe Sales,Barbosa,Birmânia
797,Rafaela Cardoso,Jesus,Eslováquia
798,Enrico Silva,Costela da Praia,Bahamas
799,Sr. Felipe Nascimento,Melo de Cavalcanti,Etiópia
800,Davi Luiz Fogaça,Porto,Guatemala
801,Ana Julia Rezende,Carvalho da Praia,Jersey
802,Maria Fernanda Jesus,Pinto,Paquistão
803,Caio Melo,Fernandes Alegre,Costa Rica
804,Dr. Anthony Cardoso,das Neves,Ilhas Virgens Britânicas
805,Eduardo da Rocha,Gonçalves,Botsuana
806,Pedro Lucas Cardoso,da Mata,Togo
807,Bárbara Fogaça,Cardoso de Vieira,Grécia
808,Alana das Neves,Pereira Verde,Bielorrússia
809,Dra. Emilly Vieira,Cavalcanti da Prata,Wallis e Futuna
810,Dra. Ana Carolina Mendes,da Mota Grande,Granada
811,André da Rosa,das Neves,Comores
812,Raul Araújo,Silveira,São Tomé e Príncipe
813,João Pedro da Mata,Pinto da Praia,Gibraltar
814,Marcelo Farias,Teixeira do Sul,Finlândia
815,Ana Luiza da Mota,Costa Verde,China
816,Beatriz Vieira,Porto Verde,Ilhas Salomão
817,Sr. Vitor Hugo Oliveira,Porto de Goiás,Chile
818,Elisa Oliveira,da Mata,Japão
819,João Lucas da Cruz,Moura,Ilhas Caiman
820,Igor Fernandes,Moura,Bielorrússia
821,Lorenzo da Mata,Pinto de Nogueira,Tokelau
822,Yuri das Neves,Duarte Grande,Malávi
823,Luna Moreira,Cardoso da Serra,Salvador
824,João Pedro Pereira,Nunes,Alemanha
825,Joaquim Azevedo,Ferreira,Birmânia
826,Bianca Melo,Lopes do Norte,Ilhas Caiman
827,Júlia Viana,Viana da Mata,Comores
828,Thiago Rocha,Gonçalves,Angola
829,Ana Clara Duarte,Gonçalves dos Dourados,Togo
830,Carlos Eduardo Dias,Melo do Amparo,Antilhas Holandesas
831,Theo da Costa,Nascimento de Fogaça,Território Britânico do Oceano Índico
832,Ana Carolina Peixoto,Correia do Galho,Nova Zelândia
833,Sr. Pietro Oliveira,Silva,Lesoto
834,Dra. Mirella Souza,das Neves,Faroé
835,Renan Almeida,Silveira do Galho,União Europeia
836,Pedro Henrique Moura,Rezende das Flores,Turquemenistão
837,Antônio Viana,da Costa de Goiás,Malta
838,Francisco Moura,da Mota dos Dourados,Brasil
839,Isabel da Rosa,Farias,Navassa Island
840,Lavínia Moura,da Costa,Somália
841,Juliana Barbosa,Araújo das Pedras,Irlanda
842,Davi Lucas da Mota,Castro do Sul,Azerbaijão
843,Antônio Barros,Caldeira dos Dourados,Bermudas
844,Heitor Rocha,Teixeira,São Marinho
845,Dr. João Lucas da Mata,Cunha,Anguila
846,Luiz Henrique Moraes,Barros Alegre,Coreia do Norte
847,Dr. Pedro da Luz,Barbosa,Mongólia
848,Marcelo Pinto,Costela,Sérvia
849,Sophie Ribeiro,Gonçalves da Prata,Costa Rica
850,Valentina Nascimento,Souza da Prata,Dhekelia
851,Maria Clara Jesus,Correia da Serra,Antígua e Barbuda
852,Ana Clara Martins,Azevedo do Galho,Níger
853,Enzo Gonçalves,Lopes de Rodrigues,Nova Caledónia
854,Ana Sophia Novaes,Moraes,Angola
855,Larissa Duarte,Cardoso de Goiás,Dhekelia
856,Srta. Kamilly Novaes,Cunha de Goiás,Bahamas
857,Rafael da Costa,Ribeiro,Gana
858,Francisco Dias,Campos de Rezende,Tajiquistão
859,Ana Lívia Rocha,Porto,Brunei
860,Larissa Pires,Ribeiro,Venezuela
861,Júlia Rodrigues,Lopes Paulista,República Checa
862,Ana Lívia Silveira,Monteiro,Gâmbia
863,Bernardo Barbosa,Costa,Suazilândia
864,Manuela Costela,Oliveira,Malávi
865,Davi Lucca Viana,Caldeira de Pereira,Mônaco
866,Larissa da Conceição,Mendes Alegre,Guiné
867,Kamilly Peixoto,Araújo de Goiás,Laos
868,Sr. João Felipe Fernandes,Souza,Emirados Árabes Unidos
869,Dr. Thiago Cardoso,Almeida do Amparo,São Marinho
870,João Lucas Fogaça,Vieira do Oeste,Letônia
871,Dr. Ian Sales,Caldeira,Costa do Marfim
872,Gabriela Melo,Jesus,Congo-Brazzaville
873,Davi da Luz,Nascimento Verde,Eslováquia
874,Sra. Alícia Almeida,Oliveira de Farias,Ilhas Cook
875,Kevin Mendes,Vieira,Peru
876,Maria Cecília Oliveira,Silveira de Costela,Ilha do Natal
877,Srta. Alícia Rezende,Campos do Norte,Bielorrússia
878,João Cunha,Fernandes Verde,Guatemala
879,Srta. Luna da Cunha,Ramos,Porto Rico
880,Juliana Dias,da Rosa da Serra,Honduras
881,Dra. Luiza Pires,Aragão,Guernsey
882,Joaquim Lima,Martins,Congo-Brazzaville
883,Pedro Miguel da Rocha,Viana,Guiné
884,Sophie Silveira,Peixoto,Ilhas Virgens Britânicas
885,Cauê Moreira,Almeida do Amparo,Moçambique
886,Alana Almeida,Freitas,Palau
887,Pedro Miguel Lima,Moreira das Flores,Sudão
888,Noah Cunha,Moura do Amparo,Niue
889,Vicente da Cunha,da Mota dos Dourados,Albânia
890,Pedro Jesus,Monteiro,Tokelau
891,Sra. Gabriela Carvalho,da Luz das Pedras,Wallis e Futuna
892,Theo Souza,Silveira,Cuba
893,Bryan da Paz,Carvalho de da Rosa,Sudão
894,Dra. Raquel Lopes,Costela de Campos,Antígua e Barbuda
895,Yuri Martins,Silva do Campo,México
896,Sr. Anthony Ferreira,Rocha de da Cunha,Antilhas Holandesas
897,Srta. Mariane Araújo,Pinto,Zâmbia
898,Pietro Barbosa,Fogaça,Suécia
899,Theo Moraes,da Cruz das Pedras,Jersey
900,Vitor Gabriel Costela,Monteiro de da Paz,Indonésia
901,Emanuel Almeida,Lima Grande,Níger
902,Pedro Jesus,Teixeira do Oeste,Suíça
903,Dra. Carolina da Mata,Lima,Território Britânico do Oceano Índico
904,Caio Mendes,Pinto,Sara Ocidental
905,Agatha Costela,da Rosa,Argentina
906,Joana Oliveira,Duarte,Gronelândia
907,Marcos Vinicius Barros,Azevedo do Norte,Japão
908,Clara Azevedo,Porto,Grécia
909,Isadora Silva,Freitas Alegre,Faroé
910,Maria Alice Barros,Ramos,Madagáscar
911,Nicole Pereira,Peixoto de Costela,Granada
912,Dr. Breno da Rocha,Barbosa,Hong Kong
913,Júlia Lima,Cunha,Liechtenstein
914,Daniel Nogueira,Alves Alegre,Ucrânia
915,Juliana da Luz,Rezende da Mata,Ruanda
916,Clara da Cruz,Jesus,Peru
917,Ana Júlia Moraes,Dias,Malta
918,Dr. Gustavo Henrique Moreira,Melo,Lesoto
919,Lorena Castro,Costa das Pedras,Dinamarca
920,Sabrina Ramos,Caldeira,Dinamarca
921,Calebe da Rocha,Teixeira,Bahamas
922,Dra. Bárbara Pereira,Gonçalves,Índia
923,Leandro Rezende,Ferreira,Mongólia
924,Dra. Nina Silveira,Barbosa,Congo-Brazzaville
925,Sarah Lima,Melo,Vanuatu
926,Evelyn Gonçalves,Silveira do Norte,Israel
927,Dr. Kevin da Mata,Cardoso das Flores,Usbequistão
928,Thomas Ferreira,Freitas do Norte,Gâmbia
929,Helena Teixeira,da Cunha,Ilha Bouvet
930,Vitor Hugo Araújo,Cardoso,Brasil
931,Sr. Calebe Cunha,Vieira da Mata,São Vicente e Granadinas
932,Carlos Eduardo Carvalho,da Costa do Galho,Eslováquia
933,Dra. Ana Lívia Correia,Barros de Minas,Armênia
934,Ryan da Rocha,da Cunha,Moçambique
935,Stella Peixoto,Freitas,Camarões
936,Luiz Fernando Martins,Almeida do Norte,Ilhas Heard e McDonald
937,Dr. Marcos Vinicius da Rosa,Cardoso de Freitas,Moldávia
938,Beatriz Nunes,da Paz,Ilhas Caiman
939,Ana Carolina da Mata,Gonçalves de Goiás,São Vicente e Granadinas
940,Renan da Rocha,da Rocha,República Centro-Africana
941,Catarina Correia,Castro de Araújo,Malta
942,Otávio Pereira,Lopes,Quirguizistão
943,Alana Azevedo,Freitas da Prata,Taiwan
944,Dra. Ana da Costa,Campos,Finlândia
945,Maria Cardoso,Silveira de Souza,Índia
946,Juliana Castro,Teixeira,Angola
947,Juliana Mendes,da Mata,São Cristóvão e Neves
948,Srta. Evelyn da Costa,Gonçalves do Sul,Hong Kong
949,Daniel Peixoto,Teixeira,São Vicente e Granadinas
950,Davi Lucas Correia,da Paz,Equador
951,João Pedro Ribeiro,Costela Verde,Malta
952,Sr. Paulo Carvalho,Novaes,Canadá
953,Sr. Benjamin Souza,Nunes,África do Sul
954,Pedro Lucas Souza,Carvalho de Goiás,Congo-Brazzaville
955,Clara Porto,Vieira Alegre,Gibraltar
956,Nathan Barros,Gonçalves da Prata,Mauritânia
957,Benjamin da Luz,Nogueira,Estados Unidos
958,Raquel Araújo,Moreira,Ilhas dos Cocos
959,Bruna Caldeira,Oliveira de Moraes,Vietnam
960,Murilo Porto,Viana dos Dourados,Suécia
961,Guilherme Vieira,Cardoso,São Tomé e Príncipe
962,Camila da Cruz,Correia,Ilhas Virgens Americanas
963,Lavínia Rezende,da Rosa,Peru
964,Lorena Melo,Sales Alegre,Guiné-Bissau
965,Isadora Nogueira,Pereira,Wake Island
966,Leandro da Luz,Silveira,Luxemburgo
967,Ana Laura Martins,Cunha da Serra,Turquemenistão
968,Theo Pereira,Fernandes,Sri Lanka
969,Mariane Souza,Monteiro,Monserrate
970,Dr. Heitor Farias,Gomes do Sul,Estônia
971,Rebeca Caldeira,Pires de Goiás,Ilha do Natal
972,Alice Duarte,Novaes Paulista,Antártica
973,Miguel Rocha,Silveira,Svalbard e Jan Mayen
974,Marcelo da Luz,Ferreira de Nascimento,Nigéria
975,Olivia Monteiro,Barros,Portugal
976,Mariana Alves,Barros das Flores,Bósnia e Herzegovina
977,Maria Alice da Costa,Fogaça,Maldivas
978,Isadora da Conceição,da Mata,Ilhas Heard e McDonald
979,Ian Araújo,Nascimento,Gronelândia
980,Dr. Marcelo Nascimento,da Costa,Libéria
981,Srta. Maria Julia Moreira,Lopes,Clipperton Island
982,Ryan Novaes,Dias,Mongólia
983,Mariane da Conceição,Moraes das Pedras,Mayotte
984,Lucas Barbosa,Ferreira do Sul,Catar
985,Ian Mendes,Rocha,Porto Rico
986,João Miguel Fogaça,Dias de Farias,Moçambique
987,Emanuel Nascimento,Costela,Mongólia
988,Dr. Pedro Nascimento,Freitas,Montenegro
989,Luiz Felipe Oliveira,Sales,São Marinho
990,Dra. Amanda Jesus,Castro de Fogaça,Argentina
991,Felipe Nascimento,Silva de da Costa,Sérvia
992,Enzo Gabriel Nascimento,Castro,Palau
993,Luana Cavalcanti,Freitas,Estônia
994,Amanda da Costa,Oliveira de da Rosa,Macau
995,Ana Clara Castro,Santos Verde,Usbequistão
996,Guilherme das Neves,Silveira,Armênia
997,Erick da Rosa,Alves,Tunísia
998,Juliana Caldeira,Vieira,Roménia
999,Alexia Jesus,Caldeira,Wake Island
